rollout/ep_rew_mean,time/episodes,time/total_timesteps,rollout/exploration_rate,rollout/ep_len_mean,time/time_elapsed,time/fps,train/learning_rate,train/loss,train/n_updates
22.75,4,91,0.8919920000000003,22.75,0,19568,,,
25.875,8,207,0.8817839999999999,25.875,0,1194,0.001,0.1723967343568802,26
23.75,12,285,0.8749199999999998,23.75,0,1322,0.001,0.015933338552713394,46
21.25,16,340,0.8700800000000004,21.25,0,1370,0.001,0.01734686642885208,59
19.8,20,396,0.8651520000000004,19.8,0,1429,0.001,0.006791343912482262,73
18.958333333333332,24,455,0.8599599999999995,18.958333333333332,0,1446,0.001,0.006527334917336702,88
19.035714285714285,28,533,0.8530960000000005,19.035714285714285,0,1487,0.001,0.002963908016681671,108
20.34375,32,651,0.8427119999999999,20.34375,0,1560,0.001,0.0007433812133967876,137
19.944444444444443,36,718,0.8368160000000003,19.944444444444443,0,1592,0.001,0.000868378090672195,154
19.95,40,798,0.8297760000000002,19.95,0,1607,0.001,0.0004993499023839831,174
19.886363636363637,44,875,0.8229999999999997,19.886363636363637,0,1621,0.001,0.000394895178033039,193
19.895833333333332,48,955,0.8159600000000005,19.895833333333332,0,1637,0.001,0.0003031404921784997,213
19.384615384615383,52,1008,0.8112960000000002,19.384615384615383,0,1630,0.001,0.00022704090224578977,226
19.589285714285715,56,1097,0.8034639999999997,19.589285714285715,0,1646,0.001,0.00027452444192022085,249
19.45,60,1167,0.7973040000000003,19.45,0,1656,0.001,0.0003055799170397222,266
19.546875,64,1251,0.7899119999999998,19.546875,0,1643,0.001,0.00012533421977423131,287
19.5,68,1326,0.7833119999999996,19.5,0,1648,0.001,0.00018020227435044944,306
19.34722222222222,72,1393,0.7774160000000001,19.34722222222222,0,1643,0.001,0.0002879815292544663,323
19.30263157894737,76,1467,0.7709040000000004,19.30263157894737,0,1645,0.001,0.0001755341945681721,341
19.45,80,1556,0.7630719999999999,19.45,0,1651,0.001,0.00015811377670615911,363
19.19047619047619,84,1612,0.7581439999999998,19.19047619047619,0,1647,0.001,0.00017649470828473568,377
19.397727272727273,88,1707,0.7497839999999998,19.397727272727273,1,1641,0.001,0.00020854230388067663,401
19.652173913043477,92,1808,0.7408960000000002,19.652173913043477,1,1647,0.001,0.00024361581017728895,426
19.510416666666668,96,1873,0.7351759999999998,19.510416666666668,1,1640,0.001,0.00016867631347849965,443
19.25,100,1925,0.7306000000000001,19.25,1,1640,0.001,0.00022548408014699817,456
18.83,104,1974,0.7262880000000003,18.83,1,1620,0.001,0.0002172079693991691,468
18.09,108,2016,0.7225920000000003,18.09,1,1596,0.001,0.0001899085327750072,478
18.27,112,2112,0.7141439999999998,18.27,1,1595,0.001,9.488967771176249e-05,502
18.28,116,2168,0.7092159999999997,18.28,1,1599,0.001,0.00038074556505307555,516
18.3,120,2226,0.7041120000000005,18.3,1,1590,0.001,0.0002160585718229413,531
18.14,124,2269,0.7003280000000001,18.14,1,1588,0.001,0.00018273992463946342,542
17.77,128,2310,0.69672,17.77,1,1589,0.001,0.00018506706692278385,552
17.32,132,2383,0.6902959999999998,17.32,1,1581,0.001,0.0002012142795138061,570
17.36,136,2454,0.684048,17.36,1,1580,0.001,0.0001898661139421165,588
17.41,140,2539,0.6765679999999998,17.41,1,1582,0.001,0.00031112239230424166,609
17.27,144,2602,0.6710239999999996,17.27,1,1579,0.001,0.00024025666061788797,625
16.99,148,2654,0.6664479999999999,16.99,1,1574,0.001,0.00013408806989900768,638
16.96,152,2704,0.6620480000000004,16.96,1,1553,0.001,0.0001533045870019123,650
16.54,156,2751,0.6579119999999997,16.54,1,1529,0.001,0.0001585641293786466,662
16.43,160,2810,0.6527199999999999,16.43,1,1463,0.001,0.00025621731765568256,677
16.12,164,2863,0.6480559999999996,16.12,1,1437,0.001,0.00017794096493162215,690
16.01,168,2927,0.6424239999999999,16.01,2,1417,0.001,0.0001616331428522244,706
15.82,172,2975,0.6382000000000005,15.82,2,1403,0.001,0.00010246923193335533,718
15.72,176,3039,0.6325679999999998,15.72,2,1375,0.001,0.00011540620471350849,734
15.36,180,3092,0.6279040000000005,15.36,2,1367,0.001,0.0001273399975616485,747
15.59,184,3171,0.620952,15.59,2,1346,0.001,0.00015503412578254938,767
15.28,188,3235,0.6153200000000001,15.28,2,1339,0.001,0.00016101065557450056,783
14.92,192,3300,0.6095999999999997,14.92,2,1339,0.001,0.00010975450277328491,799
14.98,196,3371,0.6033519999999999,14.98,2,1335,0.001,0.00010329057113267481,817
14.97,200,3422,0.5988639999999998,14.97,2,1338,0.001,0.0001438422768842429,830
15.0,204,3474,0.5942880000000001,15.0,2,1338,0.001,0.000154892448335886,843
15.36,208,3552,0.5874240000000001,15.36,2,1337,0.001,0.00018220048514194787,862
14.99,212,3611,0.5822320000000003,14.99,2,1334,0.001,0.0002683147322386503,877
14.87,216,3655,0.5783600000000002,14.87,2,1337,0.001,0.00023272570979315788,888
14.83,220,3709,0.5736080000000005,14.83,2,1336,0.001,0.00020414133905433118,902
14.96,224,3765,0.5686800000000003,14.96,2,1336,0.001,0.00012182311184005812,916
15.2,228,3830,0.5629600000000001,15.2,2,1335,0.001,0.00017892276810016483,932
15.03,232,3886,0.558032,15.03,2,1332,0.001,0.0001590133470017463,946
14.95,236,3949,0.5524879999999999,14.95,2,1325,0.001,0.00012184171646367759,962
14.6,240,3999,0.5480880000000004,14.6,3,1318,0.001,0.0001034166052704677,974
14.44,244,4046,0.5439519999999995,14.44,3,1313,0.001,0.00012099064042558894,986
14.39,248,4093,0.5398159999999999,14.39,3,1315,0.001,0.0001191496558021754,998
14.45,252,4149,0.5348879999999998,14.45,3,1313,0.001,9.617025352781639e-05,1012
14.47,256,4198,0.5305759999999999,14.47,3,1308,0.001,0.00014059363456908613,1024
14.33,260,4243,0.5266160000000003,14.33,3,1308,0.001,0.00010496207687538117,1035
14.31,264,4294,0.5221280000000003,14.31,3,1309,0.001,8.580684516346082e-05,1048
14.21,268,4348,0.5173760000000004,14.21,3,1306,0.001,0.00022717469255439937,1061
14.2,272,4395,0.5132399999999997,14.2,3,1302,0.001,0.00019949564011767507,1073
14.17,276,4456,0.5078719999999997,14.17,3,1301,0.001,0.00023000457440502942,1088
14.11,280,4503,0.503736,14.11,3,1300,0.001,0.0001483920350437984,1100
13.71,284,4542,0.5003039999999999,13.71,3,1302,0.001,0.0001186895533464849,1110
13.64,288,4599,0.4952880000000003,13.64,3,1303,0.001,0.0003214523894712329,1124
13.4,292,4640,0.49168000000000006,13.4,3,1302,0.001,0.0002692069683689624,1134
13.16,296,4687,0.4875440000000003,13.16,3,1302,0.001,0.00015431470819748938,1146
13.05,300,4727,0.48402399999999973,13.05,3,1303,0.001,0.00027290789876133204,1156
13.04,304,4778,0.47953599999999963,13.04,3,1299,0.001,0.0001101340094464831,1169
12.84,308,4836,0.4744320000000004,12.84,3,1300,0.001,0.00016853617853485048,1183
12.68,312,4879,0.47064800000000007,12.68,3,1302,0.001,0.0002171803789678961,1194
12.67,316,4922,0.46686399999999967,12.67,3,1301,0.001,0.00018811458721756935,1205
12.61,320,4970,0.46264000000000033,12.61,3,1300,0.001,0.00018575893773231655,1217
12.48,324,5013,0.458856,12.48,3,1303,0.001,0.00021086086053401232,1228
12.34,328,5064,0.4543679999999999,12.34,3,1303,0.001,0.00013982651580590755,1240
12.35,332,5121,0.44935200000000025,12.35,3,1305,0.001,0.0002653531264513731,1255
12.13,336,5162,0.4457440000000001,12.13,3,1306,0.001,0.00016537171904928982,1265
12.08,340,5207,0.4417840000000005,12.08,3,1307,0.001,0.0001351542741758749,1276
12.09,344,5255,0.43756000000000017,12.09,4,1307,0.001,0.00020325662626419216,1288
12.15,348,5308,0.4328959999999999,12.15,4,1308,0.001,0.00018097524298354983,1301
12.13,352,5362,0.428144,12.13,4,1309,0.001,0.00021728844149038196,1315
12.12,356,5410,0.42391999999999974,12.12,4,1310,0.001,0.00026227114722132683,1327
12.21,360,5464,0.4191679999999998,12.21,4,1312,0.001,0.00025970477145165205,1340
12.15,364,5509,0.41520800000000024,12.15,4,1312,0.001,0.00017962651327252388,1352
12.11,368,5559,0.4108079999999998,12.11,4,1314,0.001,0.00017864201799966395,1364
12.11,372,5606,0.4066720000000001,12.11,4,1314,0.001,0.00012018972483929247,1376
11.91,376,5647,0.40306399999999987,11.91,4,1313,0.001,0.00011669538071146235,1386
11.92,380,5695,0.39883999999999953,11.92,4,1314,0.001,0.0001752593379933387,1398
12.0,384,5742,0.39470399999999983,12.0,4,1313,0.001,0.00019224845163989812,1410
11.91,388,5790,0.3904800000000005,11.91,4,1313,0.001,0.00015545300266239792,1422
12.07,392,5847,0.3854639999999998,12.07,4,1314,0.001,0.0001872807479230687,1436
12.01,396,5888,0.38185599999999964,12.01,4,1313,0.001,0.000179734401172027,1446
12.09,400,5936,0.3776320000000003,12.09,4,1314,0.001,0.00033007090678438544,1458
12.15,404,5993,0.3726159999999997,12.15,4,1314,0.001,0.00014838343486189842,1473
11.95,408,6031,0.36927200000000027,11.95,4,1314,0.001,0.0001491688599344343,1482
11.94,412,6073,0.36557600000000046,11.94,4,1316,0.001,0.00018286166596226394,1493
11.95,416,6117,0.36170400000000047,11.95,4,1315,0.001,0.0001169172246591188,1504
11.9,420,6160,0.3579200000000001,11.9,4,1315,0.001,0.00018911444931291044,1514
11.98,424,6211,0.3534320000000001,11.98,4,1316,0.001,0.0001360430906061083,1527
11.87,428,6251,0.34991200000000044,11.87,4,1316,0.001,5.874539419892244e-05,1537
11.87,432,6308,0.34489599999999987,11.87,4,1317,0.001,0.00030159734888002276,1551
11.97,436,6359,0.3404079999999998,11.97,4,1316,0.001,0.0002574989921413362,1564
11.95,440,6402,0.33662400000000037,11.95,4,1316,0.001,0.0002668193483259529,1575
12.05,444,6460,0.33152000000000015,12.05,4,1317,0.001,0.00016805692575871944,1589
12.0,448,6508,0.3272959999999998,12.0,4,1317,0.001,0.00017553617362864316,1601
11.97,452,6559,0.32280799999999976,11.97,4,1318,0.001,8.533723303116858e-05,1614
11.99,456,6609,0.31840800000000014,11.99,5,1318,0.001,0.0003142569912597537,1627
11.9,460,6654,0.3144479999999997,11.9,5,1318,0.001,0.00011416418419685215,1638
11.95,464,6704,0.3100480000000001,11.95,5,1318,0.001,0.0001461904466850683,1650
11.92,468,6751,0.3059120000000004,11.92,5,1320,0.001,0.00016275185043923557,1662
11.96,472,6802,0.30142400000000025,11.96,5,1319,0.001,0.00016115308972075582,1675
12.03,476,6850,0.2972,12.03,5,1319,0.001,0.00010505103273317218,1687
11.96,480,6891,0.29359199999999985,11.96,5,1318,0.001,0.0002479080285411328,1697
11.98,484,6940,0.28927999999999987,11.98,5,1315,0.001,9.505399066256359e-05,1709
11.9,488,6980,0.28576000000000024,11.9,5,1315,0.001,0.00016222670092247427,1719
11.75,492,7022,0.28206400000000054,11.75,5,1315,0.001,0.00013290166680235416,1730
11.71,496,7059,0.2788079999999997,11.71,5,1313,0.001,0.00012012346996925771,1739
11.63,500,7099,0.2752880000000001,11.63,5,1314,0.001,0.00021761171228718013,1749
11.51,504,7144,0.27132800000000046,11.51,5,1313,0.001,0.0001108760479837656,1760
11.55,508,7186,0.26763199999999965,11.55,5,1313,0.001,0.00015975907444953918,1771
11.58,512,7231,0.26367200000000013,11.58,5,1314,0.001,0.00011439982336014509,1782
11.57,516,7274,0.2598879999999999,11.57,5,1314,0.001,0.00011562496365513653,1793
11.58,520,7318,0.2560159999999998,11.58,5,1314,0.001,0.00012235945905558765,1804
11.5,524,7361,0.25223200000000057,11.5,5,1315,0.001,0.00011868786532431841,1815
11.57,528,7408,0.24809599999999965,11.57,5,1315,0.001,6.354617653414607e-05,1826
11.46,532,7454,0.2440479999999996,11.46,5,1315,0.001,0.00019800354493781924,1838
11.36,536,7495,0.24044000000000032,11.36,5,1314,0.001,0.00011963762517552823,1848
11.32,540,7534,0.23700800000000044,11.32,5,1315,0.001,0.00010218554234597832,1858
11.22,544,7582,0.232784,11.22,5,1314,0.001,4.7119916416704655e-05,1870
11.29,548,7637,0.2279439999999996,11.29,5,1316,0.001,9.140535985352471e-05,1884
11.18,552,7677,0.22442399999999996,11.18,5,1315,0.001,0.00020445363770704716,1894
11.07,556,7716,0.22099199999999997,11.07,5,1314,0.001,0.00018242906662635505,1903
11.03,560,7757,0.2173839999999999,11.03,5,1314,0.001,0.00013730188948102295,1914
10.96,564,7800,0.21360000000000046,10.96,5,1314,0.001,8.577406697440892e-05,1924
10.93,568,7844,0.20972800000000047,10.93,5,1314,0.001,0.00018210307462140918,1935
10.83,572,7885,0.2061200000000003,10.83,6,1312,0.001,9.324037819169462e-05,1946
10.71,576,7921,0.20295200000000013,10.71,6,1310,0.001,0.0003084589261561632,1955
10.73,580,7964,0.19916799999999968,10.73,6,1306,0.001,0.00023653352400287986,1965
10.64,584,8004,0.19564800000000004,10.64,6,1304,0.001,0.00023310590768232942,1975
10.65,588,8045,0.19203999999999977,10.65,6,1303,0.001,0.00014518070383928716,1986
10.6,592,8082,0.18878399999999995,10.6,6,1300,0.001,0.00023663099273107946,1995
10.69,596,8128,0.1847359999999999,10.69,6,1299,0.001,0.00016510540444869548,2006
10.73,600,8172,0.18086400000000002,10.73,6,1298,0.001,0.00014115302474237978,2017
10.7,604,8214,0.1771680000000001,10.7,6,1297,0.001,0.00013371325621847063,2028
10.65,608,8251,0.1739120000000003,10.65,6,1297,0.001,8.728936518309638e-05,2037
10.57,612,8288,0.17065600000000047,10.57,6,1297,0.001,9.262003732146695e-05,2046
10.5,616,8324,0.1674880000000002,10.5,6,1297,0.001,0.00013500437489710748,2055
10.48,620,8366,0.1637920000000005,10.48,6,1295,0.001,7.699388515902683e-05,2066
10.46,624,8407,0.16018400000000022,10.46,6,1296,0.001,0.00010592801845632493,2076
10.34,628,8442,0.1571040000000007,10.34,6,1295,0.001,7.126129639800638e-05,2085
10.23,632,8477,0.15402399999999994,10.23,6,1290,0.001,0.00017902444233186543,2094
10.24,636,8519,0.15032800000000024,10.24,6,1290,0.001,0.0001871460408437997,2104
10.23,640,8557,0.14698399999999967,10.23,6,1287,0.001,0.00011774628364946693,2114
10.14,644,8596,0.1435519999999998,10.14,6,1282,0.001,7.364629709627479e-05,2123
9.98,648,8635,0.1401199999999998,9.98,6,1280,0.001,8.891143079381436e-05,2133
9.98,652,8675,0.13660000000000017,9.98,6,1279,0.001,8.720933692529798e-05,2143
10.0,656,8716,0.1329919999999999,10.0,6,1279,0.001,0.00011140949209220707,2153
10.01,660,8758,0.12929600000000008,10.01,6,1277,0.001,0.0001527598506072536,2164
9.99,664,8799,0.12568800000000002,9.99,6,1278,0.001,0.0003515002899803221,2174
9.96,668,8840,0.12207999999999974,9.96,6,1277,0.001,0.00015755242202430964,2184
9.96,672,8881,0.11847199999999958,9.96,6,1277,0.001,0.00014538645336870104,2195
10.0,676,8921,0.11495199999999994,10.0,6,1277,0.001,7.799563172738999e-05,2205
9.98,680,8962,0.11134399999999967,9.98,7,1277,0.001,0.00014371037832461298,2215
9.96,684,9000,0.10800000000000032,9.96,7,1275,0.001,0.00014071019541006535,2224
9.95,688,9040,0.1044799999999998,9.95,7,1272,0.001,4.420438926899806e-05,2234
9.97,692,9079,0.1010479999999998,9.97,7,1271,0.001,6.746717554051429e-05,2244
9.88,696,9116,0.09779199999999988,9.88,7,1270,0.001,5.2537230658344924e-05,2253
9.85,700,9157,0.09418399999999971,9.85,7,1270,0.001,3.919376467820257e-05,2264
9.83,704,9197,0.09066400000000008,9.83,7,1269,0.001,0.00015314252232201397,2274
9.83,708,9234,0.08740800000000026,9.83,7,1269,0.001,0.0001197969977511093,2283
9.87,712,9275,0.0838000000000001,9.87,7,1269,0.001,5.875940405530855e-05,2293
9.93,716,9317,0.08010400000000029,9.93,7,1268,0.001,0.0001253650989383459,2304
9.88,720,9354,0.07684800000000047,9.88,7,1268,0.001,9.58367163548246e-05,2313
9.87,724,9394,0.07332799999999984,9.87,7,1265,0.001,0.00019054446602240205,2323
9.92,728,9434,0.0698080000000002,9.92,7,1263,0.001,6.802922143833712e-05,2333
9.93,732,9470,0.06664000000000003,9.93,7,1261,0.001,0.00016579413204453886,2342
9.91,736,9510,0.0631200000000004,9.91,7,1262,0.001,0.00012184912338852882,2352
9.89,740,9546,0.059952000000000116,9.89,7,1262,0.001,8.653119584778324e-05,2361
9.89,744,9585,0.056520000000000126,9.89,7,1261,0.001,0.000122697078040801,2371
9.85,748,9620,0.05344000000000049,9.85,7,1260,0.001,0.000189033686183393,2379
9.83,752,9658,0.05009600000000014,9.83,7,1260,0.001,0.00015431540668942034,2389
9.78,756,9694,0.04692799999999975,9.78,7,1258,0.001,0.00013857379963155836,2398
9.73,760,9731,0.04367199999999993,9.73,7,1258,0.001,0.00016250746557489038,2407
9.69,764,9768,0.04041600000000012,9.69,7,1256,0.001,0.00020639997092075646,2416
9.68,768,9808,0.036896000000000484,9.68,7,1253,0.001,0.00018536101561039686,2426
9.63,772,9844,0.03372800000000031,9.63,7,1250,0.001,7.791828102199361e-05,2435
9.61,776,9882,0.030383999999999967,9.61,7,1249,0.001,0.00012077948485966772,2445
9.54,780,9916,0.02739199999999975,9.54,7,1249,0.001,0.0001100070949178189,2453
9.53,784,9953,0.024135999999999935,9.53,7,1247,0.001,0.00011978845577687025,2463
9.5,788,9990,0.02088000000000012,9.5,8,1247,0.001,8.561347931390628e-05,2472
9.49,792,10028,0.02,9.49,8,1247,0.001,0.15607784688472748,2481
9.46,796,10062,0.02,9.46,8,1246,0.001,0.042299382388591766,2490
9.41,800,10098,0.02,9.41,8,1239,0.001,0.016870224848389626,2499
9.4,804,10137,0.02,9.4,8,1238,0.001,0.018312202766537666,2509
9.42,808,10176,0.02,9.42,8,1238,0.001,0.017644677311182022,2518
9.37,812,10212,0.02,9.37,8,1237,0.001,0.024128247052431107,2527
9.35,816,10252,0.02,9.35,8,1238,0.001,0.01834123022854328,2537
9.32,820,10286,0.02,9.32,8,1236,0.001,0.02754538133740425,2546
9.29,824,10323,0.02,9.29,8,1237,0.001,0.01244562491774559,2555
9.29,828,10363,0.02,9.29,8,1236,0.001,0.012486141175031662,2565
9.33,832,10403,0.02,9.33,8,1237,0.001,0.015273083001375198,2575
9.32,836,10442,0.02,9.32,8,1234,0.001,0.015836196020245552,2585
9.32,840,10478,0.02,9.32,8,1232,0.001,0.022716106846928596,2594
9.35,844,10520,0.02,9.35,8,1231,0.001,0.015779968351125717,2604
9.37,848,10557,0.02,9.37,8,1231,0.001,0.013947606086730957,2614
9.38,852,10596,0.02,9.38,8,1231,0.001,0.017841052263975143,2623
9.37,856,10631,0.02,9.37,8,1230,0.001,0.006975798401981592,2632
9.34,860,10665,0.02,9.34,8,1230,0.001,0.009848969988524914,2641
9.34,864,10702,0.02,9.34,8,1230,0.001,0.011203764006495476,2650
9.33,868,10741,0.02,9.33,8,1229,0.001,0.007779346778988838,2660
9.43,872,10787,0.02,9.43,8,1229,0.001,0.005740057677030563,2671
9.41,876,10823,0.02,9.41,8,1229,0.001,0.025855761021375656,2680
9.43,880,10859,0.02,9.43,8,1229,0.001,0.011121761053800583,2689
9.46,884,10899,0.02,9.46,8,1228,0.001,0.009674959816038609,2699
9.46,888,10936,0.02,9.46,8,1228,0.001,0.017132341861724854,2708
9.47,892,10975,0.02,9.47,8,1228,0.001,0.010197851806879044,2718
9.54,896,11016,0.02,9.54,8,1228,0.001,0.026142260059714317,2728
9.52,900,11050,0.02,9.52,8,1228,0.001,0.014756620861589909,2737
9.49,904,11086,0.02,9.49,9,1227,0.001,0.007724369410425425,2746
9.48,908,11124,0.02,9.48,9,1228,0.001,0.012670598924160004,2755
9.48,912,11160,0.02,9.48,9,1227,0.001,0.009169621393084526,2764
9.47,916,11199,0.02,9.47,9,1225,0.001,0.013755379244685173,2774
9.53,920,11239,0.02,9.53,9,1223,0.001,0.012210210785269737,2784
9.54,924,11277,0.02,9.54,9,1222,0.001,0.008501853793859482,2794
9.52,928,11315,0.02,9.52,9,1219,0.001,0.004656599368900061,2803
9.51,932,11354,0.02,9.51,9,1219,0.001,0.013964001089334488,2813
9.5,936,11392,0.02,9.5,9,1218,0.001,0.009369305334985256,2822
9.49,940,11427,0.02,9.49,9,1218,0.001,0.009963014163076878,2831
9.45,944,11465,0.02,9.45,9,1218,0.001,0.006493196357041597,2841
9.45,948,11502,0.02,9.45,9,1217,0.001,0.010893977247178555,2850
9.43,952,11539,0.02,9.43,9,1216,0.001,0.008951883763074875,2859
9.46,956,11577,0.02,9.46,9,1214,0.001,0.008586958982050419,2869
9.46,960,11611,0.02,9.46,9,1214,0.001,0.007036935538053513,2877
9.43,964,11645,0.02,9.43,9,1213,0.001,0.02127884328365326,2886
9.42,968,11683,0.02,9.42,9,1212,0.001,0.008542285300791264,2895
9.35,972,11722,0.02,9.35,9,1212,0.001,0.012761875055730343,2905
9.37,976,11760,0.02,9.37,9,1213,0.001,0.006125499494373798,2914
9.4,980,11799,0.02,9.4,9,1212,0.001,0.009451497346162796,2924
9.39,984,11838,0.02,9.39,9,1212,0.001,0.0063619003631174564,2934
9.39,988,11875,0.02,9.39,9,1211,0.001,0.006798200309276581,2943
9.38,992,11913,0.02,9.38,9,1209,0.001,0.010510471649467945,2953
9.36,996,11952,0.02,9.36,9,1208,0.001,0.003196223173290491,2962
9.42,1000,11992,0.02,9.42,9,1208,0.001,0.009530577808618546,2972
9.44,1004,12030,0.02,9.44,9,1208,0.001,0.015239312313497066,2982
9.44,1008,12068,0.02,9.44,9,1208,0.001,0.004992193542420864,2991
9.47,1012,12107,0.02,9.47,10,1208,0.001,0.005915414541959763,3001
9.45,1016,12144,0.02,9.45,10,1208,0.001,0.006517493166029453,3010
9.41,1020,12180,0.02,9.41,10,1207,0.001,0.008939474821090698,3019
9.43,1024,12220,0.02,9.43,10,1207,0.001,0.005446352064609528,3029
9.42,1028,12257,0.02,9.42,10,1205,0.001,0.007664996199309826,3039
9.39,1032,12293,0.02,9.39,10,1202,0.001,0.0021677773911505938,3048
9.39,1036,12331,0.02,9.39,10,1202,0.001,0.009835501201450825,3057
9.45,1040,12372,0.02,9.45,10,1203,0.001,0.004228719510138035,3067
9.44,1044,12409,0.02,9.44,10,1201,0.001,0.01289063785225153,3077
9.44,1048,12446,0.02,9.44,10,1201,0.001,0.0039168354123830795,3086
9.43,1052,12482,0.02,9.43,10,1201,0.001,0.009610043838620186,3095
9.43,1056,12520,0.02,9.43,10,1201,0.001,0.014488582499325275,3104
9.46,1060,12557,0.02,9.46,10,1201,0.001,0.00481944577768445,3114
9.5,1064,12595,0.02,9.5,10,1200,0.001,0.009899523109197617,3123
9.5,1068,12633,0.02,9.5,10,1198,0.001,0.0061691077426075935,3133
9.47,1072,12669,0.02,9.47,10,1197,0.001,0.003501657862216234,3142
9.46,1076,12706,0.02,9.46,10,1197,0.001,0.011312456801533699,3151
9.4,1080,12739,0.02,9.4,10,1197,0.001,0.007449667900800705,3159
9.54,1084,12792,0.02,9.54,10,1196,0.001,0.0036067436449229717,3172
9.58,1088,12833,0.02,9.58,10,1196,0.001,0.0100880591198802,3183
9.58,1092,12871,0.02,9.58,10,1196,0.001,0.004823977127671242,3192
9.55,1096,12907,0.02,9.55,10,1195,0.001,0.010949905030429363,3201
9.52,1100,12944,0.02,9.52,10,1196,0.001,0.0089804632589221,3210
9.52,1104,12982,0.02,9.52,10,1194,0.001,0.00622890330851078,3220
9.54,1108,13022,0.02,9.54,10,1192,0.001,0.003492242656648159,3230
9.55,1112,13062,0.02,9.55,10,1191,0.001,0.007819337770342827,3240
9.56,1116,13100,0.02,9.56,10,1191,0.001,0.0059174420312047005,3249
9.57,1120,13137,0.02,9.57,11,1191,0.001,0.011025222018361092,3259
9.54,1124,13174,0.02,9.54,11,1191,0.001,0.007736136205494404,3268
9.55,1128,13212,0.02,9.55,11,1191,0.001,0.011065841652452946,3277
9.55,1132,13248,0.02,9.55,11,1191,0.001,0.008773354813456535,3286
9.55,1136,13286,0.02,9.55,11,1191,0.001,0.004641421139240265,3296
9.54,1140,13326,0.02,9.54,11,1190,0.001,0.0020035570487380028,3306
9.54,1144,13363,0.02,9.54,11,1189,0.001,0.005267950240522623,3315
9.55,1148,13401,0.02,9.55,11,1188,0.001,0.012303987517952919,3325
9.64,1152,13446,0.02,9.64,11,1188,0.001,0.004135298542678356,3336
9.62,1156,13482,0.02,9.62,11,1188,0.001,0.0061798919923603535,3345
9.64,1160,13521,0.02,9.64,11,1187,0.001,0.007380959577858448,3355
9.65,1164,13560,0.02,9.65,11,1188,0.001,0.005552797578275204,3364
9.63,1168,13596,0.02,9.63,11,1187,0.001,0.005202356725931168,3373
9.66,1172,13635,0.02,9.66,11,1187,0.001,0.005142176523804665,3383
9.65,1176,13671,0.02,9.65,11,1188,0.001,0.001978753600269556,3392
9.7,1180,13709,0.02,9.7,11,1186,0.001,0.006453687325119972,3402
9.55,1184,13747,0.02,9.55,11,1185,0.001,0.007068243343383074,3411
9.51,1188,13784,0.02,9.51,11,1185,0.001,0.007654587738215923,3420
9.49,1192,13820,0.02,9.49,11,1184,0.001,0.0008386836852878332,3429
9.51,1196,13858,0.02,9.51,11,1184,0.001,0.0036335953045636415,3439
9.52,1200,13896,0.02,9.52,11,1184,0.001,0.0054824394173920155,3448
9.51,1204,13933,0.02,9.51,11,1184,0.001,0.003973808139562607,3458
9.48,1208,13970,0.02,9.48,11,1184,0.001,0.009536320343613625,3467
9.44,1212,14006,0.02,9.44,11,1184,0.001,0.004720886703580618,3476
9.42,1216,14042,0.02,9.42,11,1182,0.001,0.0033933238591998816,3485
9.43,1220,14080,0.02,9.43,11,1181,0.001,0.007791669107973576,3494
9.43,1224,14117,0.02,9.43,11,1180,0.001,0.0014714604476466775,3504
9.42,1228,14154,0.02,9.42,11,1181,0.001,0.004508845042437315,3513
9.45,1232,14193,0.02,9.45,12,1180,0.001,0.007962590083479881,3523
9.44,1236,14230,0.02,9.44,12,1180,0.001,0.005653950851410627,3532
9.43,1240,14269,0.02,9.43,12,1178,0.001,0.010636556893587112,3542
9.43,1244,14306,0.02,9.43,12,1178,0.001,0.009722556918859482,3551
9.44,1248,14345,0.02,9.44,12,1177,0.001,0.005616209469735622,3561
9.34,1252,14380,0.02,9.34,12,1176,0.001,0.007987862452864647,3569
9.34,1256,14416,0.02,9.34,12,1175,0.001,0.014505370520055294,3578
9.33,1260,14454,0.02,9.33,12,1174,0.001,0.0036145285703241825,3588
9.32,1264,14492,0.02,9.32,12,1174,0.001,0.011524561792612076,3597
9.36,1268,14532,0.02,9.36,12,1174,0.001,0.01123726461082697,3607
9.36,1272,14571,0.02,9.36,12,1174,0.001,0.00709899514913559,3617
9.36,1276,14607,0.02,9.36,12,1174,0.001,0.009111832827329636,3626
9.35,1280,14644,0.02,9.35,12,1174,0.001,0.004987312480807304,3635
9.32,1284,14679,0.02,9.32,12,1174,0.001,0.0014831703156232834,3644
9.36,1288,14720,0.02,9.36,12,1174,0.001,0.002753655891865492,3654
9.35,1292,14755,0.02,9.35,12,1173,0.001,0.0021431215573102236,3663
9.35,1296,14793,0.02,9.35,12,1172,0.001,0.00571830291301012,3673
9.36,1300,14832,0.02,9.36,12,1172,0.001,0.0027995887212455273,3682
9.35,1304,14868,0.02,9.35,12,1172,0.001,0.007806679233908653,3691
9.36,1308,14906,0.02,9.36,12,1172,0.001,0.006629231385886669,3701
9.36,1312,14942,0.02,9.36,12,1171,0.001,0.005692262668162584,3710
9.36,1316,14978,0.02,9.36,12,1171,0.001,0.0028405720368027687,3719
9.34,1320,15014,0.02,9.34,12,1171,0.001,0.007659760303795338,3728
9.35,1324,15052,0.02,9.35,12,1171,0.001,0.009663287550210953,3737
9.35,1328,15089,0.02,9.35,12,1171,0.001,0.0031535811722278595,3747
9.36,1332,15129,0.02,9.36,12,1170,0.001,0.0046842750161886215,3757
9.35,1336,15165,0.02,9.35,12,1170,0.001,0.0025197090581059456,3766
9.32,1340,15201,0.02,9.32,13,1169,0.001,0.006439403630793095,3775
9.32,1344,15238,0.02,9.32,13,1169,0.001,0.006743854843080044,3784
9.32,1348,15277,0.02,9.32,13,1169,0.001,0.0027852035127580166,3794
9.38,1352,15318,0.02,9.38,13,1169,0.001,0.0032836347818374634,3804
9.39,1356,15355,0.02,9.39,13,1169,0.001,0.0009238161146640778,3813
9.37,1360,15391,0.02,9.37,13,1169,0.001,0.004385215230286121,3822
9.37,1364,15429,0.02,9.37,13,1169,0.001,0.007646017242223024,3832
9.33,1368,15465,0.02,9.33,13,1168,0.001,0.007846621796488762,3841
9.31,1372,15502,0.02,9.31,13,1168,0.001,0.008312450721859932,3850
9.32,1376,15539,0.02,9.32,13,1168,0.001,0.0023872717283666134,3859
9.29,1380,15573,0.02,9.29,13,1168,0.001,0.004524066112935543,3868
9.3,1384,15609,0.02,9.3,13,1168,0.001,0.009093577042222023,3877
9.49,1388,15669,0.02,9.49,13,1169,0.001,0.010561980307102203,3892
9.5,1392,15705,0.02,9.5,13,1169,0.001,0.00396288838237524,3901
9.52,1396,15745,0.02,9.52,13,1168,0.001,0.0035732691176235676,3911
9.51,1400,15783,0.02,9.51,13,1168,0.001,0.0052008903585374355,3920
9.52,1404,15820,0.02,9.52,13,1168,0.001,0.003321356838569045,3929
9.51,1408,15857,0.02,9.51,13,1168,0.001,0.004093318246304989,3939
9.56,1412,15898,0.02,9.56,13,1167,0.001,0.0027424830477684736,3949
9.59,1416,15937,0.02,9.59,13,1167,0.001,0.005569935776293278,3959
9.61,1420,15975,0.02,9.61,13,1167,0.001,0.006080971099436283,3968
9.6,1424,16012,0.02,9.6,13,1167,0.001,0.003942039795219898,3977
9.59,1428,16048,0.02,9.59,13,1167,0.001,0.004144143313169479,3986
9.57,1432,16086,0.02,9.57,13,1166,0.001,0.006976825650781393,3996
9.59,1436,16124,0.02,9.59,13,1167,0.001,0.0054543050937354565,4005
9.65,1440,16166,0.02,9.65,13,1167,0.001,0.011870141141116619,4016
9.64,1444,16202,0.02,9.64,13,1167,0.001,0.00440914835780859,4025
9.63,1448,16240,0.02,9.63,13,1167,0.001,0.003092793747782707,4034
9.61,1452,16279,0.02,9.61,13,1167,0.001,0.007308183237910271,4044
9.63,1456,16318,0.02,9.63,13,1167,0.001,0.006142754573374987,4054
9.64,1460,16355,0.02,9.64,14,1168,0.001,0.007480997126549482,4063
9.63,1464,16392,0.02,9.63,14,1168,0.001,0.004187319427728653,4072
9.63,1468,16428,0.02,9.63,14,1167,0.001,0.007548393681645393,4081
9.63,1472,16465,0.02,9.63,14,1167,0.001,0.0037880800664424896,4091
9.65,1476,16504,0.02,9.65,14,1167,0.001,0.003087061457335949,4100
9.68,1480,16541,0.02,9.68,14,1166,0.001,0.006275072693824768,4110
9.72,1484,16581,0.02,9.72,14,1164,0.001,0.005406027659773827,4120
9.5,1488,16619,0.02,9.5,14,1164,0.001,0.005848153494298458,4129
9.52,1492,16657,0.02,9.52,14,1162,0.001,0.010321075096726418,4139
9.5,1496,16695,0.02,9.5,14,1162,0.001,0.0008872808539308608,4148
9.55,1500,16738,0.02,9.55,14,1162,0.001,0.0036304036621004343,4159
9.56,1504,16776,0.02,9.56,14,1162,0.001,0.008413692936301231,4168
9.57,1508,16814,0.02,9.57,14,1161,0.001,0.006741478573530912,4178
9.52,1512,16850,0.02,9.52,14,1162,0.001,0.0011941652046516538,4187
9.5,1516,16887,0.02,9.5,14,1162,0.001,0.0057346150279045105,4196
9.47,1520,16922,0.02,9.47,14,1161,0.001,0.002093895571306348,4205
9.47,1524,16959,0.02,9.47,14,1159,0.001,0.0038861590437591076,4214
9.51,1528,16999,0.02,9.51,14,1159,0.001,0.003987254109233618,4224
9.52,1532,17038,0.02,9.52,14,1159,0.001,0.006313754245638847,4234
9.53,1536,17077,0.02,9.53,14,1159,0.001,0.002568378346040845,4244
9.48,1540,17114,0.02,9.48,14,1158,0.001,0.00493400264531374,4253
9.52,1544,17154,0.02,9.52,14,1158,0.001,0.006143686827272177,4263
9.5,1548,17190,0.02,9.5,14,1158,0.001,0.008987055160105228,4272
9.45,1552,17224,0.02,9.45,14,1158,0.001,0.008034538477659225,4280
9.47,1556,17265,0.02,9.47,14,1157,0.001,0.002696341834962368,4291
9.49,1560,17304,0.02,9.49,14,1157,0.001,0.003764948109164834,4300
9.52,1564,17344,0.02,9.52,14,1157,0.001,0.003586031962186098,4310
9.55,1568,17383,0.02,9.55,15,1155,0.001,0.004404805134981871,4320
9.56,1572,17421,0.02,9.56,15,1154,0.001,0.006428124383091927,4330
9.53,1576,17457,0.02,9.53,15,1154,0.001,0.0033934195525944233,4339
9.53,1580,17494,0.02,9.53,15,1154,0.001,0.0066048940643668175,4348
9.48,1584,17529,0.02,9.48,15,1154,0.001,0.003709110664203763,4357
9.49,1588,17568,0.02,9.49,15,1154,0.001,0.0037551799323409796,4366
9.47,1592,17604,0.02,9.47,15,1154,0.001,0.0013788365758955479,4375
9.49,1596,17644,0.02,9.49,15,1154,0.001,0.002579673193395138,4385
9.45,1600,17683,0.02,9.45,15,1154,0.001,0.005213376134634018,4395
9.43,1604,17719,0.02,9.43,15,1154,0.001,0.009420489892363548,4404
9.43,1608,17757,0.02,9.43,15,1154,0.001,0.005153506528586149,4414
9.45,1612,17795,0.02,9.45,15,1154,0.001,0.004688961431384087,4423
9.46,1616,17833,0.02,9.46,15,1154,0.001,0.004832576494663954,4433
9.49,1620,17871,0.02,9.49,15,1153,0.001,0.003698060754686594,4442
9.48,1624,17907,0.02,9.48,15,1152,0.001,0.006421439349651337,4451
9.46,1628,17945,0.02,9.46,15,1152,0.001,0.001480750972405076,4461
9.43,1632,17981,0.02,9.43,15,1152,0.001,0.005259702447801828,4470
9.45,1636,18022,0.02,9.45,15,1152,0.001,0.005517682060599327,4480
9.46,1640,18060,0.02,9.46,15,1152,0.001,0.0034978147596120834,4489
9.46,1644,18100,0.02,9.46,15,1152,0.001,0.005297493189573288,4499
9.48,1648,18138,0.02,9.48,15,1152,0.001,0.006043735891580582,4509
9.54,1652,18178,0.02,9.54,15,1152,0.001,0.0026442415546625853,4519
9.49,1656,18214,0.02,9.49,15,1150,0.001,0.0043661100789904594,4528
9.48,1660,18252,0.02,9.48,15,1150,0.001,0.003969514276832342,4537
9.45,1664,18289,0.02,9.45,15,1150,0.001,0.003320761490613222,4547
9.42,1668,18325,0.02,9.42,15,1150,0.001,0.0028220617678016424,4556
9.37,1672,18358,0.02,9.37,15,1150,0.001,0.0009266749257221818,4564
9.39,1676,18396,0.02,9.39,15,1150,0.001,0.0024657482281327248,4573
9.4,1680,18434,0.02,9.4,16,1150,0.001,0.003137443447485566,4583
9.43,1684,18472,0.02,9.43,16,1150,0.001,0.004899899009615183,4592
9.41,1688,18509,0.02,9.41,16,1150,0.001,0.0020526847802102566,4602
9.43,1692,18547,0.02,9.43,16,1150,0.001,0.005086052231490612,4611
9.38,1696,18582,0.02,9.38,16,1151,0.001,0.001647101598791778,4620
9.36,1700,18619,0.02,9.36,16,1150,0.001,0.007376417983323336,4629
9.38,1704,18657,0.02,9.38,16,1150,0.001,0.0034179058857262135,4639
9.41,1708,18698,0.02,9.41,16,1149,0.001,0.0029776934534311295,4649
9.42,1712,18737,0.02,9.42,16,1149,0.001,0.004668681416660547,4659
9.38,1716,18771,0.02,9.38,16,1149,0.001,0.00249994033947587,4667
9.36,1720,18807,0.02,9.36,16,1149,0.001,0.005208722315728664,4676
9.37,1724,18844,0.02,9.37,16,1149,0.001,0.018302302807569504,4685
9.35,1728,18880,0.02,9.35,16,1150,0.001,0.0034781573340296745,4694
9.34,1732,18915,0.02,9.34,16,1150,0.001,0.008131323382258415,4703
9.28,1736,18950,0.02,9.28,16,1149,0.001,0.0010593621991574764,4712
9.3,1740,18990,0.02,9.3,16,1149,0.001,0.004539664834737778,4722
9.26,1744,19026,0.02,9.26,16,1149,0.001,0.000921708473470062,4731
9.28,1748,19066,0.02,9.28,16,1149,0.001,0.0065932497382164,4741
9.23,1752,19101,0.02,9.23,16,1149,0.001,0.006546413525938988,4750
9.26,1756,19140,0.02,9.26,16,1149,0.001,0.006521754898130894,4759
9.26,1760,19178,0.02,9.26,16,1150,0.001,0.004512623883783817,4769
9.27,1764,19216,0.02,9.27,16,1149,0.001,0.006188017316162586,4778
9.29,1768,19254,0.02,9.29,16,1149,0.001,0.004343051463365555,4788
9.34,1772,19292,0.02,9.34,16,1149,0.001,0.0020912818145006895,4797
9.32,1776,19328,0.02,9.32,16,1149,0.001,0.004366080742329359,4806
9.31,1780,19365,0.02,9.31,16,1149,0.001,0.0033928537741303444,4816
9.27,1784,19399,0.02,9.27,16,1148,0.001,0.010575451888144016,4824
9.28,1788,19437,0.02,9.28,16,1147,0.001,0.006046163849532604,4834
9.28,1792,19475,0.02,9.28,16,1147,0.001,0.002533826045691967,4843
9.3,1796,19512,0.02,9.3,16,1147,0.001,0.00384941091760993,4852
9.34,1800,19553,0.02,9.34,17,1147,0.001,0.011048815213143826,4863
9.35,1804,19592,0.02,9.35,17,1148,0.001,0.0022123418748378754,4872
9.31,1808,19629,0.02,9.31,17,1147,0.001,0.01078661996871233,4882
9.28,1812,19665,0.02,9.28,17,1147,0.001,0.013237079605460167,4891
9.32,1816,19703,0.02,9.32,17,1148,0.001,0.0052782027050852776,4900
9.36,1820,19743,0.02,9.36,17,1148,0.001,0.005332161672413349,4910
9.34,1824,19778,0.02,9.34,17,1147,0.001,0.003396670799702406,4919
9.37,1828,19817,0.02,9.37,17,1147,0.001,0.0012304894626140594,4929
9.37,1832,19852,0.02,9.37,17,1147,0.001,0.008747794665396214,4937
9.39,1836,19889,0.02,9.39,17,1147,0.001,0.005810381378978491,4947
9.36,1840,19926,0.02,9.36,17,1147,0.001,0.0029214080423116684,4956
9.38,1844,19964,0.02,9.38,17,1148,0.001,0.007428969256579876,4965
9.35,1848,20001,0.02,9.35,17,1148,0.001,0.3700343370437622,4975
9.39,1852,20040,0.02,9.39,17,1148,0.001,0.03262636065483093,4984
9.39,1856,20079,0.02,9.39,17,1148,0.001,0.028726641088724136,4994
9.42,1860,20120,0.02,9.42,17,1148,0.001,0.01149812713265419,5004
9.43,1864,20159,0.02,9.43,17,1148,0.001,0.011146623641252518,5014
9.42,1868,20196,0.02,9.42,17,1148,0.001,0.009675011038780212,5023
9.43,1872,20235,0.02,9.43,17,1148,0.001,0.005521859973669052,5033
9.44,1876,20272,0.02,9.44,17,1148,0.001,0.007191578391939402,5042
9.45,1880,20310,0.02,9.45,17,1148,0.001,0.0028001386672258377,5052
9.46,1884,20345,0.02,9.46,17,1147,0.001,0.005599645432084799,5061
9.47,1888,20384,0.02,9.47,17,1147,0.001,0.008505959995090961,5070
9.46,1892,20421,0.02,9.46,17,1147,0.001,0.005645805969834328,5080
9.5,1896,20462,0.02,9.5,17,1147,0.001,0.006198283284902573,5090
9.46,1900,20499,0.02,9.46,17,1147,0.001,0.010071856901049614,5099
9.45,1904,20537,0.02,9.45,17,1146,0.001,0.009411563165485859,5109
9.44,1908,20573,0.02,9.44,17,1146,0.001,0.00466684577986598,5118
9.46,1912,20611,0.02,9.46,17,1146,0.001,0.003858573967590928,5127
9.46,1916,20649,0.02,9.46,18,1147,0.001,0.009081716649234295,5137
9.45,1920,20688,0.02,9.45,18,1147,0.001,0.003520180471241474,5146
9.47,1924,20725,0.02,9.47,18,1147,0.001,0.00579478032886982,5156
9.46,1928,20763,0.02,9.46,18,1147,0.001,0.01548083871603012,5165
10.17,1932,20869,0.02,10.17,18,1148,0.001,0.006569770164787769,5192
10.22,1936,20911,0.02,10.22,18,1148,0.001,0.010718447156250477,5202
10.22,1940,20948,0.02,10.22,18,1148,0.001,0.004503586329519749,5211
10.4,1944,21004,0.02,10.4,18,1148,0.001,0.0116615304723382,5225
10.41,1948,21042,0.02,10.41,18,1148,0.001,0.010925272479653358,5235
10.44,1952,21084,0.02,10.44,18,1148,0.001,0.010468192398548126,5245
11.26,1956,21205,0.02,11.26,18,1149,0.001,0.005380359478294849,5276
11.33,1960,21253,0.02,11.33,18,1150,0.001,0.0037165312096476555,5288
11.59,1964,21318,0.02,11.59,18,1150,0.001,0.011889498680830002,5304
11.8,1968,21376,0.02,11.8,18,1150,0.001,0.04058130457997322,5318
11.77,1972,21412,0.02,11.77,18,1150,0.001,0.008570561185479164,5327
11.9,1976,21462,0.02,11.9,18,1150,0.001,0.04595597833395004,5340
11.91,1980,21501,0.02,11.91,18,1150,0.001,0.008267108350992203,5350
12.13,1984,21558,0.02,12.13,18,1151,0.001,0.0077548762783408165,5364
12.12,1988,21596,0.02,12.12,18,1151,0.001,0.02791842631995678,5373
12.42,1992,21663,0.02,12.42,18,1151,0.001,0.02540656551718712,5390
12.37,1996,21699,0.02,12.37,18,1151,0.001,0.02202877402305603,5399
12.36,2000,21735,0.02,12.36,18,1150,0.001,0.0012391665950417519,5408
12.36,2004,21773,0.02,12.36,18,1149,0.001,0.03479885682463646,5418
12.37,2008,21810,0.02,12.37,18,1148,0.001,0.03305355831980705,5427
12.42,2012,21853,0.02,12.42,19,1148,0.001,0.028703851625323296,5438
12.43,2016,21892,0.02,12.43,19,1148,0.001,0.018816761672496796,5447
13.01,2020,21989,0.02,13.01,19,1149,0.001,0.007814138196408749,5472
14.15,2024,22140,0.02,14.15,19,1150,0.001,0.0362250916659832,5509
14.56,2028,22219,0.02,14.56,19,1151,0.001,0.0030677062459290028,5529
13.92,2032,22261,0.02,13.92,19,1151,0.001,0.017928404733538628,5540
14.23,2036,22334,0.02,14.23,19,1151,0.001,0.040237799286842346,5558
14.26,2040,22374,0.02,14.26,19,1151,0.001,0.0050887539982795715,5568
14.12,2044,22416,0.02,14.12,19,1151,0.001,0.017431247979402542,5578
14.12,2048,22454,0.02,14.12,19,1151,0.001,0.02838863804936409,5588
14.11,2052,22495,0.02,14.11,19,1151,0.001,0.005375291220843792,5598
13.27,2056,22532,0.02,13.27,19,1150,0.001,0.04203005135059357,5607
13.18,2060,22571,0.02,13.18,19,1150,0.001,0.003957792185246944,5617
12.9,2064,22608,0.02,12.9,19,1150,0.001,0.0014847874408587813,5626
12.71,2068,22647,0.02,12.71,19,1149,0.001,0.0030928216874599457,5636
12.71,2072,22683,0.02,12.71,19,1149,0.001,0.0029711099341511726,5645
12.57,2076,22719,0.02,12.57,19,1149,0.001,0.0007198543753474951,5654
12.55,2080,22756,0.02,12.55,19,1149,0.001,0.005004980601370335,5663
12.5,2084,22808,0.02,12.5,19,1148,0.001,0.00362999364733696,5676
12.54,2088,22850,0.02,12.54,19,1147,0.001,0.022633004933595657,5687
12.25,2092,22888,0.02,12.25,19,1147,0.001,0.00292034400627017,5696
12.27,2096,22926,0.02,12.27,19,1146,0.001,0.01893353834748268,5706
12.4,2100,22975,0.02,12.4,20,1146,0.001,0.004592627286911011,5718
12.39,2104,23012,0.02,12.39,20,1146,0.001,0.007870487868785858,5727
12.4,2108,23050,0.02,12.4,20,1145,0.001,0.0022936805617064238,5737
12.34,2112,23087,0.02,12.34,20,1145,0.001,0.002812507562339306,5746
12.96,2116,23188,0.02,12.96,20,1144,0.001,0.0014963028952479362,5771
12.47,2120,23236,0.02,12.47,20,1143,0.001,0.003271440276876092,5783
11.34,2124,23274,0.02,11.34,20,1142,0.001,0.001884561963379383,5793
12.13,2128,23432,0.02,12.13,20,1142,0.001,0.002201781142503023,5832
12.79,2132,23540,0.02,12.79,20,1142,0.001,0.005165579728782177,5859
12.48,2136,23582,0.02,12.48,20,1140,0.001,0.006929380819201469,5870
23.13,2140,24687,0.02,23.13,21,1145,0.001,0.0003170560230500996,6146
34.98,2144,25914,0.02,34.98,22,1154,0.001,0.0004525927943177521,6453
43.86,2148,26840,0.02,43.86,23,1151,0.001,0.000316150690196082,6684
53.03,2152,27798,0.02,53.03,24,1151,0.001,0.0004669048939831555,6924
63.57,2156,28889,0.02,63.57,24,1158,0.001,0.0012132665142416954,7197
71.59,2160,29730,0.02,71.59,25,1161,0.001,0.0004909152630716562,7407
74.61,2164,30069,0.02,74.61,25,1162,0.001,0.016364196315407753,7492
83.72,2168,31019,0.02,83.72,26,1170,0.001,0.004021621774882078,7729
96.28,2172,32311,0.02,96.28,27,1181,0.001,0.0002483787829987705,8052
108.27,2176,33546,0.02,108.27,28,1188,0.001,0.0006254407344385982,8361
119.52,2180,34708,0.02,119.52,29,1193,0.001,0.00021907783229835331,8651
135.24,2184,36332,0.02,135.24,30,1204,0.001,0.00053861626656726,9057
150.59,2188,37909,0.02,150.59,31,1215,0.001,0.0004392105038277805,9452
163.73,2192,39261,0.02,163.73,32,1226,0.001,0.00022440095199272037,9790
172.13,2196,40139,0.02,172.13,32,1233,0.001,0.008001910522580147,10009
174.82,2200,40457,0.02,174.82,32,1235,0.001,0.00021400858531706035,10089
184.91,2204,41503,0.02,184.91,33,1235,0.001,0.001109820557758212,10350
202.17,2208,43267,0.02,202.17,34,1242,0.001,0.0018675392493605614,10791
216.91,2212,44778,0.02,216.91,36,1243,0.001,0.0003212190349586308,11169
224.05,2216,45593,0.02,224.05,37,1231,0.001,0.0035495138727128506,11373
225.81,2220,45817,0.02,225.81,37,1228,0.001,0.0014359424822032452,11429
227.38,2224,46012,0.02,227.38,37,1227,0.001,0.0014707548543810844,11477
227.28,2228,46160,0.02,227.28,37,1227,0.001,0.006824314594268799,11514
229.54,2232,46494,0.02,229.54,38,1222,0.001,0.003073542146012187,11598
232.52,2236,46834,0.02,232.52,38,1215,0.001,0.0029747728258371353,11683
223.5,2240,47037,0.02,223.5,38,1213,0.001,0.04789069667458534,11734
213.64,2244,47278,0.02,213.64,39,1211,0.001,0.0012613536091521382,11794
205.78,2248,47418,0.02,205.78,39,1211,0.001,0.0040837363339960575,11829
197.74,2252,47572,0.02,197.74,39,1210,0.001,0.08810950815677643,11867
188.75,2256,47764,0.02,188.75,39,1209,0.001,0.102139413356781,11915
183.05,2260,48035,0.02,183.05,39,1208,0.001,0.08900345861911774,11983
181.07,2264,48176,0.02,181.07,39,1207,0.001,0.10294546186923981,12018
173.47,2268,48366,0.02,173.47,40,1207,0.001,0.19485709071159363,12066
161.87,2272,48498,0.02,161.87,40,1207,0.001,0.0051068831235170364,12099
150.43,2276,48589,0.02,150.43,40,1207,0.001,0.05046769604086876,12122
141.38,2280,48846,0.02,141.38,40,1208,0.001,0.04657717049121857,12186
126.22,2284,48954,0.02,126.22,40,1208,0.001,0.12369552254676819,12213
113.09,2288,49218,0.02,113.09,40,1209,0.001,0.131745845079422,12279
100.8,2292,49341,0.02,100.8,40,1209,0.001,0.003266857471317053,12310
93.22,2296,49461,0.02,93.22,40,1209,0.001,0.1732942909002304,12340
91.22,2300,49579,0.02,91.22,41,1209,0.001,0.08449199795722961,12369
83.1,2304,49813,0.02,83.1,41,1207,0.001,0.0825660228729248,12428
67.98,2308,50065,0.02,67.98,41,1206,0.001,0.17088598012924194,12491
61.97,2312,50975,0.02,61.97,42,1206,0.001,0.00324505427852273,12718
61.32,2316,51725,0.02,61.32,42,1206,0.001,0.0005739940679632127,12906
65.9,2320,52407,0.02,65.9,43,1206,0.001,0.0015207517426460981,13076
65.83,2324,52595,0.02,65.83,43,1206,0.001,0.0011040964163839817,13123
67.47,2328,52907,0.02,67.47,43,1207,0.001,0.047336921095848083,13201
68.44,2332,53338,0.02,68.44,44,1206,0.001,0.047863103449344635,13309
68.44,2336,53678,0.02,68.44,44,1204,0.001,0.03500116243958473,13394
83.7,2340,55407,0.02,83.7,45,1208,0.001,0.001964832190424204,13826
94.48,2344,56726,0.02,94.48,46,1209,0.001,0.0007961352239362895,14156
107.29,2348,58147,0.02,107.29,47,1213,0.001,0.00036981928860768676,14511
115.65,2352,59137,0.02,115.65,48,1213,0.001,0.09267488121986389,14759
120.56,2356,59820,0.02,120.56,49,1213,0.001,0.03755763918161392,14929
128.11,2360,60846,0.02,128.11,50,1214,0.001,0.000551338423974812,15186
137.41,2364,61917,0.02,137.41,50,1214,0.001,0.00042116313125006855,15454
150.59,2368,63425,0.02,150.59,52,1215,0.001,0.00035536993527784944,15831
158.97,2372,64395,0.02,158.97,52,1215,0.001,0.10557438433170319,16073
167.55,2376,65344,0.02,167.55,53,1216,0.001,0.00187268469016999,16310
181.83,2380,67029,0.02,181.83,55,1216,0.001,0.0009680557996034622,16732
194.45,2384,68399,0.02,194.45,56,1218,0.001,0.00050657510291785,17074
200.91,2388,69309,0.02,200.91,56,1220,0.001,0.0008316098828800023,17302
217.15,2392,71056,0.02,217.15,57,1227,0.001,0.0003373884246684611,17738
235.95,2396,73056,0.02,235.95,59,1232,0.001,0.00022905805963091552,18238
249.95,2400,74574,0.02,249.95,60,1236,0.001,0.0013953291345387697,18618
260.4,2404,75853,0.02,260.4,61,1240,0.001,0.0015656811883673072,18938
271.18,2408,77183,0.02,271.18,61,1244,0.001,0.0007078892667777836,19270
275.36,2412,78511,0.02,275.36,62,1248,0.001,0.0007509085698984563,19602
281.87,2416,79912,0.02,281.87,64,1248,0.001,0.0004378285084385425,19952
283.39,2420,80746,0.02,283.39,64,1247,0.001,0.0008461825782433152,20161
289.27,2424,81522,0.02,289.27,65,1247,0.001,0.0008660534513182938,20355
305.71,2428,83478,0.02,305.71,66,1248,0.001,0.001974730286747217,20844
321.4,2432,85478,0.02,321.4,68,1247,0.001,0.00012112278636777773,21344
338.0,2436,87478,0.02,338.0,70,1243,0.001,0.00011396841728128493,21844
340.71,2440,89478,0.02,340.71,71,1247,0.001,8.452144538750872e-05,22344
347.52,2444,91478,0.02,347.52,73,1251,0.001,0.0001417297899024561,22844
353.31,2448,93478,0.02,353.31,74,1254,0.001,8.180431905202568e-05,23344
363.41,2452,95478,0.02,363.41,75,1259,0.001,7.805111818015575e-05,23844
376.58,2456,97478,0.02,376.58,77,1265,0.001,7.591462053824216e-05,24344
386.32,2460,99478,0.02,386.32,78,1270,0.001,3.773484058910981e-05,24844
