time/total_timesteps,time/time_elapsed,time/fps,time/iterations,train/approx_kl,train/n_updates,train/entropy_loss,train/value_loss,train/learning_rate,rollout/ep_rew_mean,train/explained_variance,train/std,rollout/ep_len_mean,train/policy_gradient_loss,train/loss,train/clip_range,train/clip_fraction
512,5,89,1,,,,,,,,,,,,,
1024,14,70,2,0.008350793,10,-4.262759244441986,6.712806758284569,0.001,-47.183099,-0.0014771223068237305,0.9998975992202759,1000.0,0.002879156731069088,0.40131884813308716,0.2,0.134375
1536,20,74,3,0.0071699424,20,-4.253930568695068,0.7969589479267597,0.001,-47.183099,0.00044989585876464844,0.9991797208786011,1000.0,-0.005979687010403722,0.15353775024414062,0.2,0.09609375
2048,27,74,4,0.0045236363,30,-4.256979608535767,0.7147640295326709,0.001,-46.1721945,-0.024309515953063965,0.9998785853385925,1000.0,-0.006103662098757923,0.24115872383117676,0.2,0.115234375
2560,33,76,5,0.011173058,40,-4.249582922458648,0.5044025097042322,0.001,-46.1721945,0.2529681324958801,0.9954079389572144,1000.0,-0.005582239478826523,0.19934019446372986,0.2,0.05234375
3072,41,73,6,0.01240346,50,-4.2432894825935366,0.9646803930401802,0.001,-41.387523666666674,0.11350077390670776,0.9954657554626465,1000.0,-0.004729053494520486,0.5846297740936279,0.2,0.1392578125
3584,47,75,7,0.007591766,60,-4.2506819605827335,0.5665408074855804,0.001,-41.387523666666674,0.3236234188079834,1.0024080276489258,1000.0,-0.01664227561559528,0.18975163996219635,0.2,0.173828125
4096,53,76,8,0.011356195,70,-4.253721570968628,0.6634460747241974,0.001,-48.78257825,0.03648477792739868,0.9914531707763672,1000.0,-0.010825377376750111,0.1826360821723938,0.2,0.1423828125
4608,59,76,9,0.0060253376,80,-4.220925891399384,0.6737435974180699,0.001,-48.78257825,-0.4457658529281616,0.9858684539794922,1000.0,-0.002842210582457483,0.18752311170101166,0.2,0.1505859375
5120,68,74,10,0.008685874,90,-4.205689346790313,0.8291026145219803,0.001,-47.0542316,0.3624085783958435,0.9788629412651062,1000.0,-0.011408832494635136,0.3125905990600586,0.2,0.13515625
5632,74,75,11,0.009188481,100,-4.182855689525605,0.7432168126106262,0.001,-47.0542316,0.23575764894485474,0.9719783067703247,1000.0,-0.008001418947242201,0.23175811767578125,0.2,0.1212890625
6144,80,75,12,0.008184502,110,-4.165722906589508,0.39716486260294914,0.001,-50.44964466666667,0.4462350606918335,0.96724534034729,1000.0,-0.012986183911561967,0.06627435982227325,0.2,0.187109375
6656,87,76,13,0.010443424,120,-4.1480390429496765,0.4675173155963421,0.001,-50.44964466666667,0.689415454864502,0.9606584906578064,1000.0,-0.004631704604253173,0.1085151731967926,0.2,0.1357421875
7168,95,75,14,0.010867801,130,-4.130828845500946,0.7007230073213577,0.001,-50.598629285714296,0.6357217729091644,0.9592145681381226,1000.0,-0.006778600555844605,0.25038987398147583,0.2,0.12265625
7680,101,75,15,0.018205736,140,-4.120488905906678,0.5156492900103331,0.001,-50.598629285714296,0.9095248579978943,0.9497838020324707,1000.0,-0.005276520433835685,0.10336923599243164,0.2,0.15703125
8192,107,76,16,0.009589927,150,-4.090145063400269,1.2320733204483987,0.001,-44.7081635,0.44365638494491577,0.9435588121414185,1000.0,-0.0065832297084853055,0.5220023989677429,0.2,0.12421875
8704,114,76,17,0.011589671,160,-4.074289762973786,0.7547638706862927,0.001,-44.7081635,0.8141691982746124,0.9391723871231079,1000.0,-0.008661677269265056,0.1830786168575287,0.2,0.183984375
9216,122,75,18,0.015619574,170,-4.050358676910401,0.20007419791072606,0.001,-44.53434677777778,0.7360524237155914,0.9257025122642517,1000.0,-0.00801094020716846,-0.0030310582369565964,0.2,0.1232421875
9728,129,75,19,0.020491842,180,-4.009347152709961,0.7402172163128853,0.001,-44.53434677777778,0.7665710598230362,0.9191654920578003,1000.0,-0.013484146120026708,0.21242330968379974,0.2,0.18671875
10240,135,75,20,0.009477992,190,-3.9913012385368347,1.1902095213532449,0.001,-38.0667778,0.45359885692596436,0.9128859043121338,1000.0,-0.0088416408165358,0.23799251019954681,0.2,0.1833984375
10752,143,75,21,0.017093707,200,-3.967453730106354,1.1837947525084018,0.001,-38.0667778,0.7662338763475418,0.9064663648605347,1000.0,-0.008813168201595546,0.34584927558898926,0.2,0.1548828125
11264,150,74,22,0.014424341,210,-3.94945165514946,0.18537361670751124,0.001,-39.353291636363636,0.32436251640319824,0.8994759917259216,1000.0,-0.011385695775970817,-0.0016165552660822868,0.2,0.2181640625
11776,157,74,23,0.012543673,220,-3.921592116355896,0.40747938975691794,0.001,-39.353291636363636,0.9189470410346985,0.8919968008995056,1000.0,-0.007900330540724098,0.09969112277030945,0.2,0.1708984375
12288,164,74,24,0.0076637897,230,-3.891827827692032,0.8275919735431672,0.001,-36.051267083333336,0.3173370361328125,0.8816820979118347,1000.0,-0.013819329859688877,0.2931557595729828,0.2,0.194140625
12800,172,74,25,0.015068097,240,-3.8498282015323637,0.5237894095480442,0.001,-36.051267083333336,0.6239432096481323,0.864116370677948,1000.0,-0.01662405871320516,0.16717100143432617,0.2,0.1708984375
13312,180,73,26,0.01763954,250,-3.7753074169158936,0.4596820749342442,0.001,-34.07533469230769,0.01834625005722046,0.8431259989738464,1000.0,-0.0207168226595968,0.053805772215127945,0.2,0.2013671875
13824,188,73,27,0.021492682,260,-3.728379946947098,0.7969719432294369,0.001,-34.07533469230769,0.18517541885375977,0.8381203413009644,1000.0,-0.02371276868507266,0.18696197867393494,0.2,0.2630859375
14336,195,73,28,0.014101174,270,-3.71154328584671,0.4454515613615513,0.001,-33.71667178571429,0.5435307919979095,0.8310548067092896,1000.0,-0.009849836793728172,0.05365510284900665,0.2,0.1505859375
14848,204,72,29,0.01413884,280,-3.6777077198028563,0.512815485522151,0.001,-33.71667178571429,0.7741120308637619,0.8226335048675537,1000.0,-0.021835613274015488,0.07179553806781769,0.2,0.2021484375
15360,210,72,30,0.013158575,290,-3.660727006196976,0.13481391719542443,0.001,-35.386419466666666,0.6971474885940552,0.8228136897087097,1000.0,0.003348808782175183,0.023159269243478775,0.2,0.2115234375
15872,217,72,31,0.017850343,300,-3.6517863869667053,0.37797156199812887,0.001,-35.386419466666666,0.8798729032278061,0.8136531114578247,1000.0,-0.015499536134302615,0.045624762773513794,0.2,0.17421875
16384,225,72,32,0.026265506,310,-3.6113821625709535,0.07117422483861446,0.001,-36.512581874999995,0.7506904006004333,0.8065180778503418,1000.0,-0.004846089310012758,0.0024537090212106705,0.2,0.3046875
16896,235,71,33,0.02375484,320,-3.5929645240306853,0.8063794329762459,0.001,-36.512581874999995,0.7183457612991333,0.8024656176567078,1000.0,-0.014288300252519547,0.2010136842727661,0.2,0.2275390625
17408,241,72,34,0.009861402,330,-3.586313033103943,0.36463056821376083,0.001,-35.625287117647055,0.8515715003013611,0.8025218844413757,1000.0,-0.014384142542257904,0.004986800253391266,0.2,0.1201171875
17920,248,72,35,0.024021309,340,-3.577713984251022,0.2791124047711492,0.001,-35.625287117647055,0.9285910651087761,0.7991823554039001,1000.0,-0.015314214047975838,0.06579801440238953,0.2,0.2791015625
18432,254,72,36,0.021259673,350,-3.575389540195465,0.04237999212928116,0.001,-42.92822016666666,0.9057887941598892,0.8026553392410278,998.8888888888889,-0.015776797151193022,-0.014995991252362728,0.2,0.171875
18944,262,72,37,1.3755202,360,-3.5851504683494566,32.8373001486063,0.001,-42.92822016666666,0.11120271682739258,0.8038105964660645,998.8888888888889,-0.001664603571407497,0.9330638647079468,0.2,0.611328125
19456,268,72,38,0.011782924,370,-3.5871280133724213,0.4424204142764211,0.001,-41.19346363157894,0.48725461959838867,0.8037762641906738,998.9473684210526,-0.013051897380501032,0.056341178715229034,0.2,0.237109375
19968,274,72,39,0.01837265,380,-3.5860292077064515,1.4079435519874095,0.001,-41.19346363157894,0.81010402739048,0.8051685094833374,998.9473684210526,-0.0029949294053949415,0.27786749601364136,0.2,0.2173828125
20480,280,72,40,0.042962227,390,-3.588858222961426,0.2059505319222808,0.001,-40.31699655,0.901981458067894,0.8046841025352478,999.0,-0.02243705776054412,-0.0033491142094135284,0.2,0.3076171875
20992,289,72,41,0.03289172,400,-3.5811552822589876,4.923129993677139,0.001,-36.47280819047619,0.43694329261779785,0.8036288022994995,999.047619047619,-0.00026547827292233706,1.1537367105484009,0.2,0.338671875
21504,297,72,42,0.01336215,410,-3.57516462802887,0.2633516075555235,0.001,-36.47280819047619,0.9241350889205933,0.8007519245147705,999.047619047619,0.007392984942998737,0.0029735267162323,0.2,0.3578125
22016,304,72,43,0.023234697,420,-3.5684638202190397,1.8311487317085267,0.001,-33.67858963636363,-0.6082037687301636,0.8005062937736511,999.0909090909091,-0.0053946100641042,0.5659275054931641,0.2,0.30703125
22528,311,72,44,0.023518194,430,-3.5636094331741335,0.8507664449512958,0.001,-33.67858963636363,0.8987733349204063,0.7976515293121338,999.0909090909091,-0.007171655772253871,0.4106959402561188,0.2,0.221484375
23040,321,71,45,0.028750652,440,-3.554990565776825,1.8268328845500945,0.001,-26.428098478260864,0.6353469491004944,0.7974023818969727,999.1304347826087,-0.010660809581167996,0.5333732962608337,0.2,0.276171875
23552,328,71,46,0.014185894,450,-3.5571709513664245,3.159964072704315,0.001,-26.428098478260864,0.35589975118637085,0.7981368899345398,999.1304347826087,-0.009088123217225075,0.8597705960273743,0.2,0.2474609375
24064,335,71,47,0.03078742,460,-3.5561691343784334,3.881857094168663,0.001,-19.039592,0.6790318191051483,0.7975586652755737,999.1666666666666,0.008094202820211649,1.2406057119369507,0.2,0.3162109375
24576,342,71,48,0.03140987,470,-3.552148234844208,2.075905041396618,0.001,-19.039592,0.8916236460208893,0.7961543798446655,999.1666666666666,0.005720121110789478,0.5323265194892883,0.2,0.3345703125
25088,352,71,49,0.03851089,480,-3.5464833080768585,3.148833820223808,0.001,-16.97056496,0.8652627021074295,0.7952548265457153,999.2,-0.004602454928681254,0.40588051080703735,0.2,0.257421875
25600,358,71,50,0.014836425,490,-3.5465402960777284,1.0404121290892363,0.001,-16.97056496,0.9494911655783653,0.7954294085502625,999.2,0.007031896291300655,0.16992953419685364,0.2,0.2171875
26112,364,71,51,0.020303449,500,-3.5455547630786897,4.067367689311505,0.001,-13.753748346153845,0.8578862845897675,0.7955961227416992,999.2307692307693,0.037776479846797884,0.45969900488853455,0.2,0.34609375
26624,371,71,52,0.021320594,510,-3.5477867424488068,2.1966931808739902,0.001,-13.753748346153845,0.6977567970752716,0.7963824272155762,999.2307692307693,-0.01678889144677669,0.04284205660223961,0.2,0.259765625
27136,381,71,53,0.013842739,520,-3.5423234701156616,0.26433257390744985,0.001,-16.137868777777776,0.7793380469083786,0.7919551134109497,999.2592592592592,-0.0033961240435019134,0.015100352466106415,0.2,0.19765625
27648,388,71,54,0.028425599,530,-3.522841876745224,0.41929543726146223,0.001,-16.137868777777776,0.986884887330234,0.7863411903381348,999.2592592592592,-0.015550001850351691,0.11358941346406937,0.2,0.1763671875
28160,395,71,55,0.021814216,540,-3.5081397116184236,0.6607654333114624,0.001,-16.275802035714285,0.972003623843193,0.7857205271720886,999.2857142857143,-0.0038622290827333926,0.21779599785804749,0.2,0.2287109375
28672,403,70,56,0.030676413,550,-3.5070070922374725,0.9860632300376893,0.001,-16.275802035714285,0.9772753547877073,0.7843114137649536,999.2857142857143,-0.0012914981693029405,0.26072975993156433,0.2,0.226171875
29184,413,70,57,0.02513739,560,-3.5008758425712587,1.285819673538208,0.001,-16.064783,0.9415391273796558,0.7827295064926147,999.3103448275862,-0.013009571842849255,0.2433619350194931,0.2,0.246484375
29696,420,70,58,0.031018665,570,-3.49781334400177,0.4828467555344105,0.001,-16.064783,0.982439212501049,0.7826732993125916,999.3103448275862,-0.011489945580251515,0.14022713899612427,0.2,0.265625
30208,427,70,59,0.026467033,580,-3.495597767829895,0.45869053713977337,0.001,-16.434367499999997,0.8811812773346901,0.7813304662704468,999.3333333333334,0.00483472365885973,0.2095218151807785,0.2,0.278515625
30720,435,70,60,0.019142069,590,-3.4942461252212524,0.7605679221451283,0.001,-16.434367499999997,0.9917639875784516,0.7813727259635925,999.3333333333334,-0.008789477590471505,0.3421034812927246,0.2,0.2294921875
31232,443,70,61,0.021422515,600,-3.487510633468628,2.4132749795913697,0.001,-12.297595774193548,0.44211143255233765,0.7765533328056335,999.3548387096774,0.004996359022334218,1.0864276885986328,0.2,0.234765625
31744,450,70,62,0.022508578,610,-3.473253381252289,1.5980469822883605,0.001,-12.297595774193548,0.7489800155162811,0.7763791084289551,999.3548387096774,0.008999194647185505,0.3147052526473999,0.2,0.35390625
32256,457,70,63,0.043659702,620,-3.4745216012001037,1.5905166625976563,0.001,-12.287415625000001,0.78558549284935,0.7751884460449219,999.375,-0.006185868778266013,0.4795433282852173,0.2,0.305859375
32768,464,70,64,0.01446295,630,-3.4718092024326324,1.1049331352114677,0.001,-12.287415625000001,0.9475546889007092,0.7753721475601196,999.375,0.002907451381906867,0.305427223443985,0.2,0.2236328125
33280,472,70,65,0.008512471,640,-3.4456381678581236,0.11296853204257787,0.001,-13.12537090909091,0.7348650991916656,0.7597308158874512,999.3939393939394,-0.0037008618703112004,0.019273949787020683,0.2,0.1478515625
33792,479,70,66,0.017700333,650,-3.3922960638999937,0.9808428332209587,0.001,-13.12537090909091,0.9776744768023491,0.7500149011611938,999.3939393939394,0.0024991808691993355,0.21021075546741486,0.2,0.27265625
34304,486,70,67,0.023567872,660,-3.3582140505313873,0.44753593020141125,0.001,-14.195064382352943,0.9611439593136311,0.744605302810669,999.4117647058823,-0.007615264528430999,0.07029514014720917,0.2,0.2361328125
34816,494,70,68,0.032582637,670,-3.355969262123108,0.8597039893269539,0.001,-14.195064382352943,0.8930711448192596,0.7497881650924683,999.4117647058823,-0.006720173300709576,0.1340179294347763,0.2,0.2986328125
35328,500,70,69,0.011378107,680,-3.3785331308841706,0.8037898384034634,0.001,-14.433354285714287,0.7100090086460114,0.7559880018234253,999.4285714285714,-0.0021467899903655054,0.3343242108821869,0.2,0.190234375
35840,508,70,70,0.046285126,690,-3.39881688952446,1.084487995505333,0.001,-14.433354285714287,0.7426302134990692,0.7594189047813416,999.4285714285714,-0.013586976751685142,0.3576308488845825,0.2,0.225390625
36352,516,70,71,0.025318151,700,-3.3846359074115755,0.44827708676457406,0.001,-14.994664527777779,0.8969384878873825,0.746667742729187,999.4444444444445,-0.010462053492665291,0.07671814411878586,0.2,0.24921875
36864,523,70,72,0.029437073,710,-3.348141407966614,0.7370751738548279,0.001,-14.994664527777779,0.8927224054932594,0.7434806227684021,999.4444444444445,0.0028589486377313734,0.06826507300138474,0.2,0.346484375
37376,530,70,73,0.052198704,720,-3.335171437263489,0.10828650970943272,0.001,-16.20376937837838,0.8775399252772331,0.7447473406791687,999.4594594594595,-0.005594624346122146,-0.01355214137583971,0.2,0.36484375
37888,537,70,74,0.04517325,730,-3.3250178396701813,0.44288857355713845,0.001,-16.20376937837838,0.8286934494972229,0.7362412214279175,999.4594594594595,-0.01715991001110524,0.020892810076475143,0.2,0.3345703125
38400,544,70,75,0.025060613,740,-3.2890579402446747,0.5110010527074337,0.001,-16.39936397368421,0.8054012954235077,0.7302861213684082,999.4736842105264,-0.003045375319197774,0.09470800310373306,0.2,0.291015625
38912,551,70,76,0.0332722,750,-3.2482591927051545,0.6526894629001617,0.001,-16.39936397368421,0.8976410329341888,0.713883101940155,999.4736842105264,-0.016905963094905017,0.16849657893180847,0.2,0.23828125
39424,559,70,77,0.028863631,760,-3.1698810696601867,0.5176466777920723,0.001,-17.114058384615383,0.7831693738698959,0.7038849592208862,999.4871794871794,-0.008216423983685672,0.06150970980525017,0.2,0.2421875
39936,564,70,78,0.028887117,770,-3.155883026123047,0.4753041837364435,0.001,-17.114058384615383,0.9171680435538292,0.7033780813217163,999.4871794871794,-0.018442203383892776,0.08908504247665405,0.2,0.2775390625
40448,571,70,79,0.018374342,780,-3.149024748802185,0.7854331597685814,0.001,-17.1934533,0.8194548189640045,0.7015098929405212,999.5,-0.009880430181510746,0.20647335052490234,0.2,0.28984375
40960,577,70,80,0.040249333,790,-3.128958076238632,0.8089044891297817,0.001,-17.1934533,0.9081000164151192,0.6951660513877869,999.5,-0.031103348988108338,0.1658002734184265,0.2,0.2767578125
41472,583,71,81,0.017648641,800,-3.1031899452209473,1.0999342918395996,0.001,-16.369033121951222,0.7631848603487015,0.6905053853988647,999.5121951219512,-0.009051716525573284,0.23077978193759918,0.2,0.1923828125
41984,589,71,82,0.039289203,810,-3.0834477126598356,0.25877452064305545,0.001,-17.10711378571429,0.9527290053665638,0.6862570643424988,999.5238095238095,-0.02268114029429853,0.00610877200961113,0.2,0.258984375
42496,597,71,83,0.03706413,820,-3.060896265506744,0.39581646025180817,0.001,-17.10711378571429,0.9331549480557442,0.6795908808708191,999.5238095238095,-0.01815650046337396,0.10184686630964279,0.2,0.258984375
43008,603,71,84,0.045497224,830,-3.0298253893852234,0.546511247754097,0.001,-17.938621674418606,0.9137368500232697,0.6746106147766113,999.5348837209302,-0.020728861819952725,0.11998651176691055,0.2,0.297265625
43520,608,71,85,0.025959544,840,-3.0153147995471956,0.15281907678581774,0.001,-17.938621674418606,0.9395880587399006,0.6720396280288696,999.5348837209302,-0.016899277362972497,0.005223117768764496,0.2,0.2076171875
44032,613,71,86,0.02689158,850,-3.0089699804782866,2.290024510025978,0.001,-16.61216363636364,0.878369890153408,0.6705193519592285,999.5454545454545,0.011259744246490299,0.6688976883888245,0.2,0.403515625
44544,618,71,87,0.035069063,860,-2.998340404033661,0.8998177248984576,0.001,-16.61216363636364,0.8743012100458145,0.666815459728241,999.5454545454545,-0.0021621281979605556,0.10622236132621765,0.2,0.32734375
45056,623,72,88,0.018858226,870,-2.9784974694252013,0.9046991143375636,0.001,-16.839210400000002,0.8652715981006622,0.6605560779571533,999.5555555555555,-0.011810733354650438,0.17428326606750488,0.2,0.237890625
45568,628,72,89,0.026270732,880,-2.9497094631195067,0.4871302779763937,0.001,-16.839210400000002,0.9255383834242821,0.6586198806762695,999.5555555555555,0.0030270036309957503,0.1615622341632843,0.2,0.12578125
46080,633,72,90,0.035157733,890,-2.9452875375747682,0.5207914397120476,0.001,-16.942023804347826,0.9557829089462757,0.6588191390037537,999.5652173913044,-0.02135618303436786,0.09977088123559952,0.2,0.2265625
46592,638,72,91,0.03058254,900,-2.951202964782715,0.7125487551093102,0.001,-16.942023804347826,0.9467059671878815,0.6616923809051514,999.5652173913044,0.008943610289134086,0.09169316291809082,0.2,0.15078125
47104,643,73,92,0.029352454,910,-2.9659111320972444,0.4852943059056997,0.001,-16.936165148936173,0.9565073847770691,0.6655803322792053,999.5744680851063,-0.006456829118542373,0.0244893915951252,0.2,0.1427734375
47616,649,73,93,0.030468822,920,-2.9818510115146637,0.759303305670619,0.001,-16.936165148936173,0.8981431350111961,0.669349193572998,999.5744680851063,-0.016332178842276335,0.045532263815402985,0.2,0.2181640625
48128,654,73,94,0.016918017,930,-2.985015332698822,0.0475704915006645,0.001,-17.939917520833333,0.3325345516204834,0.6684551239013672,999.5833333333334,0.0075301214586943385,-0.020215079188346863,0.2,0.2693359375
48640,661,73,95,0.117843434,940,-2.984997087717056,0.5258659290149807,0.001,-17.939917520833333,0.7141442894935608,0.6666585206985474,999.5833333333334,-0.0162188776768744,0.04198916256427765,0.2,0.2947265625
49152,666,73,96,0.024171049,950,-2.9704993963241577,0.016467057552654298,0.001,-19.19811995918367,0.6902825236320496,0.6669723987579346,999.5918367346939,0.005933267506770789,0.007108589634299278,0.2,0.2794921875
49664,671,73,97,0.29884398,960,-2.9794802188873293,0.4351046776399016,0.001,-19.19811995918367,0.7432943284511566,0.6665444374084473,999.5918367346939,-0.020815726649016143,0.0044038742780685425,0.2,0.2248046875
50176,676,74,98,0.025067456,970,-2.9767527878284454,0.031214858370367436,0.001,-20.363996779999997,0.5223197638988495,0.6677526235580444,999.6,-0.0027655470417812466,0.007718073204159737,0.2,0.26953125
50688,682,74,99,0.190804,980,-2.9888935923576354,0.2812720831483603,0.001,-20.363996779999997,0.8760036677122116,0.6702069044113159,999.6,-0.033224574429914354,0.009513214230537415,0.2,0.24921875
51200,688,74,100,0.10650061,990,-2.9958019733428953,0.19248390831053258,0.001,-21.367256627450978,0.5464552044868469,0.6701695322990417,999.6078431372549,0.005654837610200048,0.06664597988128662,0.2,0.38046875
51712,693,74,101,0.033133592,1000,-2.992291235923767,0.5420341625809669,0.001,-21.367256627450978,0.9285951256752014,0.6648754477500916,999.6078431372549,-0.0035734267439693213,0.08143763244152069,0.2,0.3078125
52224,699,74,102,0.02202674,1010,-2.976095426082611,0.40221622847020627,0.001,-21.442249846153842,0.39359670877456665,0.6676449775695801,999.6153846153846,-0.01649941181531176,0.034934334456920624,0.2,0.244921875
52736,707,74,103,0.01729913,1020,-2.979418236017227,1.1134246163070203,0.001,-21.442249846153842,0.8394628465175629,0.6640053391456604,999.6153846153846,0.0005556577816605568,0.17461051046848297,0.2,0.2658203125
53248,713,74,104,0.031325024,1030,-2.9364057421684264,0.3352147381752729,0.001,-21.451510905660374,0.5019336044788361,0.6512129306793213,999.622641509434,-0.020776827447116376,0.0003689229488372803,0.2,0.244140625
53760,717,74,105,0.03304958,1040,-2.8942334353923798,0.8443314962089061,0.001,-21.451510905660374,0.9517168924212456,0.6485142707824707,999.622641509434,-0.013737899623811245,0.21257120370864868,0.2,0.283203125
54272,723,75,106,0.023997106,1050,-2.8748405456542967,0.40446924082934854,0.001,-21.210277518518517,0.9163670316338539,0.6422889232635498,999.6296296296297,-0.007934858812950552,0.07913151383399963,0.2,0.2533203125
54784,728,75,107,0.025525074,1060,-2.852980136871338,1.3176067046821118,0.001,-21.210277518518517,0.8593505918979645,0.6418612003326416,999.6296296296297,-0.0015821140957996249,0.23644164204597473,0.2,0.3546875
55296,734,75,108,0.020772737,1070,-2.8618636965751647,0.34363405238837,0.001,-21.049192436363633,0.8947598487138748,0.642936110496521,999.6363636363636,-0.011573429545387625,0.13460856676101685,0.2,0.1470703125
55808,741,75,109,0.038639106,1080,-2.8503234803676607,0.2559930797666311,0.001,-21.049192436363633,0.9513351954519749,0.6402851939201355,999.6363636363636,-0.018478795466944576,0.0518522784113884,0.2,0.2740234375
56320,747,75,110,0.016395694,1090,-2.8524415850639344,0.01398464316735044,0.001,-21.996065321428574,0.7432015538215637,0.6452239751815796,999.6428571428571,0.000412692385725677,0.02127654291689396,0.2,0.2541015625
56832,752,75,111,0.029112384,1100,-2.8680218517780305,0.650318892672658,0.001,-21.996065321428574,0.9519199319183826,0.6452580094337463,999.6428571428571,-0.015515616536140442,0.12866933643817902,0.2,0.3009765625
57344,758,75,112,0.014016047,1110,-2.849514532089233,0.3301342260092497,0.001,-22.116115947368424,0.8358325362205505,0.6388254761695862,999.6491228070175,-0.011848604027181863,0.03666549175977707,0.2,0.22734375
57856,765,75,113,0.025052853,1120,-2.8223300695419313,0.9548224948346615,0.001,-22.116115947368424,0.920822449028492,0.6333726644515991,999.6491228070175,-0.015882928855717182,0.10473601520061493,0.2,0.2744140625
58368,770,75,114,0.016224947,1130,-2.803852140903473,0.20682757114991546,0.001,-22.20709220689655,0.8759484365582466,0.6330384016036987,999.6551724137931,-0.009527785948012023,0.06127307564020157,0.2,0.2078125
58880,775,75,115,0.03303597,1140,-2.8034053206443788,0.647152304649353,0.001,-22.20709220689655,0.9608060456812382,0.631295382976532,999.6551724137931,-0.02131691765971482,0.10205333679914474,0.2,0.236328125
59392,781,76,116,0.039694816,1150,-2.7826290369033813,0.30132783968001603,0.001,-22.27012328813559,0.8267571926116943,0.6229559183120728,999.6610169491526,-0.01360870583448559,0.07621265202760696,0.2,0.2349609375
59904,786,76,117,0.025713796,1160,-2.7674528539180754,0.7607358068227768,0.001,-22.27012328813559,0.9377350062131882,0.6254193782806396,999.6610169491526,-0.0018708265386521816,0.10255888104438782,0.2,0.295703125
60416,792,76,118,0.0105908895,1170,-2.7891163885593415,0.06439493126235903,0.001,-22.37514505,0.5949223339557648,0.6306379437446594,999.6666666666666,-0.001596477418206632,0.016044454649090767,0.2,0.287109375
60928,798,76,119,0.04012788,1180,-2.80377511382103,0.9461062587797642,0.001,-22.37514505,0.9351713359355927,0.6308104991912842,999.6666666666666,-0.006894130213186145,0.16098690032958984,0.2,0.278515625
61440,803,76,120,0.011938154,1190,-2.8075789749622344,0.07949200477451086,0.001,-22.296913098360655,0.5483281016349792,0.6326014995574951,999.672131147541,0.0036588121904060243,0.02185538224875927,0.2,0.28828125
61952,810,76,121,0.066243276,1200,-2.806749922037125,0.690354023501277,0.001,-22.296913098360655,0.9651032537221909,0.6303650736808777,999.672131147541,-0.011202327557839453,0.0735202208161354,0.2,0.2970703125
62464,818,76,122,0.020474475,1210,-2.796861380338669,0.09983042730018496,0.001,-22.485566096774193,0.7262347340583801,0.6286838054656982,999.6774193548387,-2.2780941799283026e-05,0.023421334102749825,0.2,0.219921875
62976,826,76,123,0.017455248,1220,-2.7886102735996245,2.1230354815721513,0.001,-22.485566096774193,0.8816663101315498,0.6270328760147095,999.6774193548387,0.007451367215253413,0.2514333426952362,0.2,0.3048828125
63488,832,76,124,0.027994422,1230,-2.7874650418758393,0.8474990949034691,0.001,-22.61584392063492,0.9130417555570602,0.6318728923797607,999.6825396825396,-0.00836446734610945,0.11747385561466217,0.2,0.247265625
64000,838,76,125,0.02327066,1240,-2.8189686834812164,0.9055194973945617,0.001,-22.867310062499996,0.4939614534378052,0.638931930065155,999.6875,-0.0061146718682721255,0.22019030153751373,0.2,0.240234375
64512,846,76,126,0.044524882,1250,-2.8478743851184847,0.4837384130805731,0.001,-22.867310062499996,0.8040106296539307,0.640591561794281,999.6875,-0.0137460898142308,0.06553707271814346,0.2,0.298046875
65024,852,76,127,0.016318535,1260,-2.832195854187012,0.6989658020436764,0.001,-23.04843641538461,0.2755088806152344,0.6291081309318542,999.6923076923077,-0.011340532009489835,0.21183690428733826,0.2,0.240625
65536,858,76,128,0.0603473,1270,-2.796145832538605,0.4051803782582283,0.001,-23.04843641538461,0.8218425214290619,0.624491810798645,999.6923076923077,-0.03392355851829052,0.060699865221977234,0.2,0.344921875
66048,863,76,129,0.020738807,1280,-2.7965431928634645,0.685001976042986,0.001,-23.191276530303025,0.4564976096153259,0.6280676126480103,999.6969696969697,-0.017860081419348715,0.2346659153699875,0.2,0.2060546875
66560,869,76,130,0.0683982,1290,-2.8102703154087068,0.44322464130818845,0.001,-23.191276530303025,0.7746819108724594,0.6295838952064514,999.6969696969697,-0.025764961587265135,0.037386368960142136,0.2,0.287890625
67072,874,76,131,0.03576334,1300,-2.7783111929893494,0.4679217256605625,0.001,-23.503855656716414,0.2329726219177246,0.614250659942627,999.7014925373135,-0.017083844053559005,0.13793058693408966,0.2,0.31171875
67584,879,76,132,0.061034955,1310,-2.7529927611351015,0.2779309907928109,0.001,-23.503855656716414,0.7530033588409424,0.6246420741081238,999.7014925373135,-0.031962923659011724,-0.02307485044002533,0.2,0.3166015625
68096,887,76,133,0.059585124,1320,-2.7929240822792054,0.4935782078653574,0.001,-23.519830779411762,-0.12046778202056885,0.6251386404037476,999.7058823529412,-0.037392480834387246,0.03431406244635582,0.2,0.3583984375
68608,895,76,134,0.048685975,1330,-2.7770749807357786,0.43295858446508645,0.001,-23.519830779411762,0.4449995756149292,0.6218523979187012,999.7058823529412,-0.03841734798625111,-0.0035388916730880737,0.2,0.3435546875
69120,901,76,135,0.04325781,1340,-2.7559368789196013,0.43245376609265807,0.001,-23.665112999999998,0.2116398811340332,0.612430214881897,999.7101449275362,-0.034161594999022785,0.024831004440784454,0.2,0.29453125
69632,906,76,136,0.04256557,1350,-2.712242865562439,0.2865813927724957,0.001,-23.665112999999998,0.6478390991687775,0.6082539558410645,999.7101449275362,-0.031797673739492896,0.014057368040084839,0.2,0.2994140625
70144,911,76,137,0.058369197,1360,-2.677974706888199,0.2518682422116399,0.001,-23.7622339,0.5924508273601532,0.5988045930862427,999.7142857142857,-0.051614745147526266,-0.018966637551784515,0.2,0.3638671875
70656,916,77,138,0.06601559,1370,-2.636225587129593,0.386540806107223,0.001,-23.7622339,0.7437260150909424,0.600225567817688,999.7142857142857,-0.03474664236418903,-0.006359726190567017,0.2,0.3041015625
71168,921,77,139,0.06675671,1380,-2.6207007646560667,0.3092916259542108,0.001,-23.763828253521122,0.4783746004104614,0.5890759229660034,999.7183098591549,-0.04142238299828023,-0.0023846998810768127,0.2,0.38203125
71680,927,77,140,0.0367229,1390,-2.5630646884441375,0.324855987355113,0.001,-23.763828253521122,0.6206375360488892,0.5807628631591797,999.7183098591549,-0.02884646188467741,0.012966617941856384,0.2,0.272265625
72192,933,77,141,0.0640303,1400,-2.518737828731537,0.6360680788755417,0.001,-23.804145458333338,0.25740742683410645,0.572304368019104,999.7222222222222,-0.030505699524655937,0.09746693074703217,0.2,0.386328125
72704,938,77,142,0.036813345,1410,-2.4867859721183776,0.24594556568190457,0.001,-23.804145458333338,0.929771788418293,0.5687592029571533,999.7222222222222,-0.013196544465608894,-0.008320601657032967,0.2,0.297265625
73216,945,77,143,0.08001579,1420,-2.470763999223709,0.405511792562902,0.001,-23.769999287671236,0.17529767751693726,0.5643696188926697,999.7260273972603,-0.03565574428066611,-0.017520710825920105,0.2,0.3841796875
73728,950,77,144,0.06904778,1430,-2.4497583150863647,0.2683443518355489,0.001,-23.769999287671236,0.9168485626578331,0.5623744130134583,999.7260273972603,-0.03650549002923072,0.02626059576869011,0.2,0.3408203125
74240,956,77,145,0.1141435,1440,-2.442891764640808,0.3420251762494445,0.001,-23.805274540540545,0.16882002353668213,0.5600911974906921,999.7297297297297,-0.025833494076505304,-0.0035012289881706238,0.2,0.4435546875
74752,963,77,146,0.10167664,1450,-2.4254861414432525,0.46656817235052583,0.001,-23.805274540540545,0.48777949810028076,0.5568925142288208,999.7297297297297,-0.04706972097046673,0.023862138390541077,0.2,0.4361328125
75264,969,77,147,0.084965914,1460,-2.419115847349167,0.41843945179134606,0.001,-23.895278293333337,0.25120753049850464,0.5589066743850708,999.7333333333333,-0.04018658217974007,-0.04135284572839737,0.2,0.3908203125
75776,975,77,148,0.06956652,1470,-2.422993367910385,0.5034557390958071,0.001,-23.895278293333337,0.8579324632883072,0.5599558353424072,999.7333333333333,-0.017636267002671957,0.05612483620643616,0.2,0.371484375
76288,981,77,149,0.14260091,1480,-2.4167129397392273,0.4084301467984915,0.001,-23.73268860526316,0.41641920804977417,0.5573766231536865,999.7368421052631,-0.04243437102995813,-0.002577252686023712,0.2,0.4837890625
76800,987,77,150,0.058848064,1490,-2.3999731063842775,0.5789165738970041,0.001,-23.73268860526316,0.8855123743414879,0.5557356476783752,999.7368421052631,-0.022611036081798375,0.11191387474536896,0.2,0.3349609375
77312,994,77,151,0.10064099,1500,-2.3877323389053347,0.2830883709713817,0.001,-23.96857607792208,0.5534566342830658,0.5499141216278076,999.7402597402597,-0.012793904507998378,0.05119975656270981,0.2,0.453125
77824,1002,77,152,0.15330334,1510,-2.3587921857833862,0.3942325834184885,0.001,-23.96857607792208,0.28530699014663696,0.545912504196167,999.7402597402597,-0.03006729865446687,0.04925043135881424,0.2,0.38125
78336,1007,77,153,0.07212969,1520,-2.332649666070938,0.20462680347263812,0.001,-24.163975435897438,0.8246825039386749,0.5405935645103455,999.7435897435897,-0.01915182676166296,-0.0037027373909950256,0.2,0.4732421875
78848,1013,77,154,0.07660437,1530,-2.3090972721576692,0.41069713421165943,0.001,-24.163975435897438,0.22180581092834473,0.5389557480812073,999.7435897435897,-0.03056960660032928,0.060047030448913574,0.2,0.3673828125
79360,1018,77,155,0.13133477,1540,-2.302777349948883,0.3937334964051843,0.001,-24.362255240506332,0.0829399824142456,0.5380933284759521,999.746835443038,-0.04730613497085869,-0.01897147297859192,0.2,0.4470703125
79872,1024,77,156,0.11765673,1550,-2.277952975034714,0.5576447661966085,0.001,-24.362255240506332,0.5159628689289093,0.5345310568809509,999.746835443038,-0.0356365158688277,0.051095135509967804,0.2,0.436328125
80384,1033,77,157,0.06451135,1560,-2.2777315080165863,0.4197484653443098,0.001,-24.618071875,0.6205638945102692,0.5402989387512207,999.75,-0.00980304686818272,0.04866340011358261,0.2,0.387890625
80896,1039,77,158,0.06995815,1570,-2.305143117904663,0.4968254201114178,0.001,-24.618071875,0.6444522142410278,0.5399316549301147,999.75,-0.024991670926101505,0.11399950832128525,0.2,0.42734375
81408,1044,77,159,0.048790224,1580,-2.2966896653175355,0.45755256302654745,0.001,-24.69262572839506,0.8413443714380264,0.537899911403656,999.7530864197531,-0.03110984624363482,0.03507336229085922,0.2,0.344140625
81920,1050,78,160,0.101161875,1590,-2.277702510356903,0.5020976636558772,0.001,-24.69262572839506,0.8233166337013245,0.5332502722740173,999.7530864197531,-0.021193626848980785,0.09566371142864227,0.2,0.4029296875
82432,1055,78,161,0.03816739,1600,-2.2444797217845918,0.7351108208298683,0.001,-24.51305524390244,-0.005593538284301758,0.5261157751083374,999.7560975609756,-0.0246660471893847,0.21585600078105927,0.2,0.3125
82944,1060,78,162,0.09190766,1610,-2.2124461233615875,0.2888691918924451,0.001,-24.51305524390244,0.6871404051780701,0.5221664309501648,999.7560975609756,-0.03135823970660567,-0.018083646893501282,0.2,0.4015625
83456,1065,78,163,0.10027916,1620,-2.1982450246810914,0.25943521978333595,0.001,-24.483716289156625,0.8838432654738426,0.5204320549964905,999.7590361445783,-0.04242470308672637,-0.04273189604282379,0.2,0.45625
83968,1070,78,164,0.10642125,1630,-2.1943970143795015,0.211641775816679,0.001,-24.483716289156625,0.8427470624446869,0.5200568437576294,999.7590361445783,-0.035807957453653214,0.012365508824586868,0.2,0.4546875
84480,1075,78,165,0.09344031,1640,-2.18129158616066,0.2416169754229486,0.001,-24.58143761904762,0.9260552898049355,0.517574667930603,999.7619047619048,-0.0517844632267952,-0.032805245369672775,0.2,0.4369140625
84992,1080,78,166,0.14563215,1650,-2.160855394601822,1.2651084706187248,0.001,-24.422963188235297,0.705776035785675,0.5136474370956421,999.7647058823529,-0.029724927712231876,0.11582350730895996,0.2,0.4912109375
85504,1085,78,167,0.078307904,1660,-2.146575999259949,0.08777319258078933,0.001,-24.422963188235297,0.9232604801654816,0.5133674144744873,999.7647058823529,0.015792827610857783,0.01208994910120964,0.2,0.4404296875
86016,1090,78,168,0.11150876,1670,-2.145114743709564,0.4232777178287506,0.001,-24.8576445,0.8994652032852173,0.5104963779449463,999.7674418604652,-0.04434369439259171,-0.028263777494430542,0.2,0.4609375
86528,1095,78,169,0.03703269,1680,-2.124288487434387,0.19864845366682857,0.001,-24.8576445,0.9633960612118244,0.5082497596740723,999.7674418604652,-0.02543917535804212,0.07987721264362335,0.2,0.315625
87040,1100,79,170,0.10377626,1690,-2.1261045336723328,0.5524119548499584,0.001,-25.153732310344825,0.8697744309902191,0.510189414024353,999.7701149425287,-0.04441733150742948,-0.005896151065826416,0.2,0.443359375
87552,1105,79,171,0.20551617,1700,-2.1281904578208923,0.06491273418068885,0.001,-25.153732310344825,0.9846819471567869,0.5075266361236572,999.7701149425287,-0.02582960621220991,-0.01885392516851425,0.2,0.2984375
88064,1110,79,172,0.118356705,1710,-2.1094190001487734,0.20049970280379056,0.001,-25.578653715909095,0.9675570912659168,0.5051497220993042,999.7727272727273,-0.0362122961319983,-0.04420563578605652,0.2,0.5083984375
88576,1115,79,173,0.09017041,1720,-2.0996777772903443,0.09766946909949184,0.001,-25.578653715909095,0.9857903122901917,0.504168689250946,999.7727272727273,-0.03854299713857472,-0.036830589175224304,0.2,0.288671875
89088,1120,79,174,0.078145415,1730,-2.0970593631267547,0.08306947420351207,0.001,-26.009617449438206,0.981060341000557,0.5055737495422363,999.7752808988764,-0.025220471923239528,-0.04223950207233429,0.2,0.437109375
89600,1125,79,175,0.08686663,1740,-2.086190265417099,0.049769684625789526,0.001,-26.009617449438206,0.9944862755946815,0.5008645057678223,999.7752808988764,-0.033376299776136875,-0.05245542153716087,0.2,0.416015625
90112,1130,79,176,0.05538991,1750,-2.0627577006816864,0.15091185267083346,0.001,-26.407644600000005,0.9446232281625271,0.49841994047164917,999.7777777777778,-0.032314862869679925,-0.04063596948981285,0.2,0.362890625
90624,1135,79,177,0.06293467,1760,-2.0365678012371062,0.08593229507096112,0.001,-26.407644600000005,0.9929524366743863,0.4931684732437134,999.7777777777778,-0.039289281331002714,-0.05880095809698105,0.2,0.38984375
91136,1140,79,178,0.095888495,1770,-2.0054787158966065,0.05656777494587004,0.001,-26.830772472527475,0.6293071210384369,0.48928433656692505,999.7802197802198,-0.03516957545652986,-0.032405782490968704,0.2,0.391015625
91648,1145,80,179,0.092600025,1780,-1.9893015921115875,0.09628732595592737,0.001,-26.830772472527475,0.9891311321407557,0.48807501792907715,999.7802197802198,-0.03910239767283201,-0.06687958538532257,0.2,0.346484375
92160,1150,80,180,0.10122906,1790,-1.9999976217746736,0.08243861305527389,0.001,-27.12501091304348,0.9644868597388268,0.49067339301109314,999.7826086956521,-0.014882900123484432,-0.03439556062221527,0.2,0.41171875
92672,1156,80,181,0.066738054,1800,-2.0018374174833298,0.3712211105972528,0.001,-27.12501091304348,0.9608842059969902,0.4873983860015869,999.7826086956521,-0.02643976944964379,0.027643542736768723,0.2,0.380078125
93184,1162,80,182,0.055521913,1810,-1.9854864358901978,0.04797134393593296,0.001,-27.547784483870974,0.967784445732832,0.4882998466491699,999.7849462365591,-0.018424348230473696,-0.014323399402201176,0.2,0.359765625
93696,1167,80,183,0.06596422,1820,-1.9983371794223785,0.35497796069830656,0.001,-27.547784483870974,0.9434290751814842,0.49034690856933594,999.7849462365591,-0.027456306223757564,-0.03241201490163803,0.2,0.382421875
94208,1172,80,184,0.06355264,1830,-1.9965781927108766,0.020677754038479178,0.001,-27.941064744680855,0.36993515491485596,0.48834484815597534,999.7872340425532,-0.022300800657831132,-0.038774650543928146,0.2,0.408984375
94720,1177,80,185,0.08891475,1840,-1.9714055866003037,0.056032493244856596,0.001,-27.941064744680855,0.9947364958934486,0.48132675886154175,999.7872340425532,-0.042532550450414416,-0.07109932601451874,0.2,0.404296875
95232,1183,80,186,0.07889392,1850,-1.9376741141080855,0.3524091249331832,0.001,-27.957339631578954,0.906744584441185,0.4782557487487793,999.7894736842105,-0.049563750717788936,-0.027468077838420868,0.2,0.3953125
95744,1189,80,187,0.14147717,1860,-1.912486842274666,0.09678791565820574,0.001,-27.957339631578954,0.9895188203081489,0.4736557602882385,999.7894736842105,-0.058115234272554515,-0.06516891717910767,0.2,0.4171875
96256,1195,80,188,0.12539288,1870,-1.8929071098566055,0.4080526614561677,0.001,-28.032300510416665,0.8602787405252457,0.47082361578941345,999.7916666666666,-0.037806789437308905,-0.05882396548986435,0.2,0.535546875
96768,1201,80,189,0.112516075,1880,-1.8586111813783646,0.5082079699262977,0.001,-28.032300510416665,0.9082709401845932,0.4641416668891907,999.7916666666666,-0.011916407477110624,0.03123963251709938,0.2,0.44921875
97280,1207,80,190,0.18171461,1890,-1.8246030688285828,0.7172164779156447,0.001,-27.858608865979377,0.9132442101836205,0.46001148223876953,999.7938144329897,-0.0070838199811987575,0.07168619334697723,0.2,0.561328125
97792,1213,80,191,0.1924004,1900,-1.7984275668859482,0.14109576526097953,0.001,-27.858608865979377,0.977075207978487,0.45550987124443054,999.7938144329897,-0.045954051055014135,-0.06865330785512924,0.2,0.50078125
98304,1218,80,192,0.05401271,1910,-1.782968869805336,0.011629178863950073,0.001,-28.24398020408163,-0.6612310409545898,0.45737528800964355,999.795918367347,-0.025905934209004045,-0.04347857087850571,0.2,0.393359375
98816,1225,80,193,0.16263013,1920,-1.7900344520807265,0.1248830294702202,0.001,-28.24398020408163,0.9736507628113031,0.4566233158111572,999.795918367347,-0.051435024756938216,-0.06252510845661163,0.2,0.4580078125
99328,1231,80,194,0.092432484,1930,-1.7644735425710678,0.16333482395857574,0.001,-28.512245656565653,0.9606869406998158,0.4502844512462616,999.7979797979798,-0.03642862532287836,-0.012658286839723587,0.2,0.4669921875
99840,1236,80,195,0.16985343,1940,-1.7171706229448318,0.10553279435262083,0.001,-28.512245656565653,0.9903006330132484,0.44576334953308105,999.7979797979798,-0.043543140799738464,-0.060133401304483414,0.2,0.4916015625
100352,1241,80,196,0.0948329,1950,-1.7048842787742615,0.1557794500142336,0.001,-28.531758959999998,0.9835246652364731,0.4476931691169739,999.8,-0.036101132864132524,-0.01567310094833374,0.2,0.4767578125
